Frame,Time,Object Count,Processing Time (ms),Processing FPS
1,0.033,0,6.428,155.56
2,0.067,0,5.105,195.89
3,0.1,0,4.853,206.08
4,0.133,0,3.004,332.91
5,0.167,0,7.134,140.17
6,0.2,0,2.017,495.66
7,0.234,0,6.032,165.78
8,0.267,0,3.409,293.33
9,0.3,0,4.004,249.75
10,0.334,0,6.097,164.01
11,0.367,0,4.999,200.03
12,0.4,0,4.576,218.53
13,0.434,1,3.622,276.12
14,0.467,2,5.053,197.9
15,0.501,1,6.951,143.87
16,0.534,1,2.998,333.6
17,0.567,3,6.534,153.04
18,0.601,4,3.708,269.7
19,0.634,2,6.368,157.04
20,0.667,2,4.999,200.04
21,0.701,4,6.0,166.67
22,0.734,7,7.369,135.7
23,0.767,7,3.245,308.18
24,0.801,6,8.872,112.72
25,0.834,7,6.0,166.67
26,0.868,15,5.999,166.69
27,0.901,10,5.693,175.66
28,0.934,8,4.176,239.44
29,0.968,10,6.938,144.13
30,1.001,13,6.893,145.08
31,1.034,11,10.279,97.29
32,1.068,15,5.79,172.71
33,1.101,14,5.783,172.92
34,1.134,14,3.74,267.39
35,1.168,19,6.691,149.45
36,1.201,18,9.207,108.62
37,1.235,21,7.3,136.99
38,1.268,25,4.918,203.34
39,1.301,24,2.006,498.49
40,1.335,28,6.553,152.6
41,1.368,27,5.032,198.72
42,1.401,23,9.094,109.96
43,1.435,27,8.422,118.74
44,1.468,29,6.352,157.43
45,1.502,28,12.699,78.75
46,1.535,27,7.248,137.96
47,1.568,21,8.237,121.4
48,1.602,22,9.542,104.8
49,1.635,24,6.999,142.87
50,1.668,21,3.804,262.9
51,1.702,23,7.804,128.14
52,1.735,22,8.812,113.49
53,1.768,27,6.476,154.41
54,1.802,24,12.045,83.02
55,1.835,26,11.806,84.7
56,1.869,33,6.772,147.67
57,1.902,33,7.392,135.28
58,1.935,32,8.119,123.16
59,1.969,32,10.732,93.18
60,2.002,33,3.999,250.03
61,2.035,30,14.499,68.97
62,2.069,28,11.594,86.25
63,2.102,30,5.822,171.77
64,2.135,27,15.225,65.68
65,2.169,27,10.461,95.59
66,2.202,30,3.718,268.95
67,2.236,30,7.452,134.19
68,2.269,27,5.527,180.94
69,2.302,31,15.374,65.05
70,2.336,28,4.019,248.83
71,2.369,32,6.783,147.43
72,2.402,24,6.288,159.04
73,2.436,27,5.805,172.27
74,2.469,31,4.02,248.77
75,2.502,28,5.852,170.89
76,2.536,27,7.445,134.33
77,2.569,30,6.371,156.95
78,2.603,30,7.44,134.42
79,2.636,26,7.771,128.68
80,2.669,26,10.126,98.76
81,2.703,27,4.414,226.57
82,2.736,29,14.994,66.69
83,2.769,25,7.984,125.24
84,2.803,26,7.287,137.23
85,2.836,23,5.294,188.91
86,2.87,24,11.699,85.48
87,2.903,25,6.887,145.2
88,2.936,29,5.83,171.54
89,2.97,28,8.305,120.41
90,3.003,20,3.572,279.99
91,3.036,25,13.88,72.05
92,3.07,26,4.022,248.61
93,3.103,22,7.586,131.82
94,3.136,31,4.768,209.73
95,3.17,26,5.765,173.45
96,3.203,22,7.015,142.55
97,3.237,29,3.232,309.43
98,3.27,26,15.942,62.73
99,3.303,24,6.491,154.05
100,3.337,28,4.235,236.13
101,3.37,28,6.037,165.65
102,3.403,25,5.388,185.61
103,3.437,28,7.384,135.44
104,3.47,26,5.76,173.62
105,3.504,27,5.924,168.81
106,3.537,25,2.021,494.84
107,3.57,26,3.492,286.34
108,3.604,24,7.083,141.18
109,3.637,21,7.962,125.6
110,3.67,23,5.604,178.44
111,3.704,28,11.562,86.49
112,3.737,33,12.859,77.77
113,3.77,34,5.161,193.77
114,3.804,33,3.463,288.74
115,3.837,33,8.379,119.35
116,3.871,32,6.2,161.28
117,3.904,42,7.666,130.45
118,3.937,33,4.721,211.83
119,3.971,33,7.168,139.51
120,4.004,34,5.436,183.97
121,4.037,37,8.185,122.18
122,4.071,33,3.851,259.66
123,4.104,25,13.935,71.76
124,4.137,28,6.557,152.5
125,4.171,21,9.271,107.86
126,4.204,25,6.371,156.95
127,4.238,32,7.881,126.88
128,4.271,34,5.453,183.37
129,4.304,35,3.905,256.06
130,4.338,31,6.629,150.85
131,4.371,33,6.48,154.33
132,4.404,34,7.636,130.96
133,4.438,30,4.156,240.61
134,4.471,30,5.763,173.53
135,4.505,33,4.021,248.7
136,4.538,37,6.875,145.45
137,4.571,33,7.873,127.02
138,4.605,30,11.382,87.86
139,4.638,28,4.026,248.39
140,4.671,36,6.576,152.07
141,4.705,27,5.067,197.34
142,4.738,28,2.023,494.32
143,4.771,29,8.111,123.29
144,4.805,31,6.923,144.45
145,4.838,30,13.571,73.69
146,4.872,28,5.298,188.76
147,4.905,33,7.011,142.63
148,4.938,27,5.85,170.93
149,4.972,29,9.572,104.48
150,5.005,24,7.646,130.79
151,5.038,28,4.719,211.92
152,5.072,31,16.366,61.1
153,5.105,20,7.677,130.26
154,5.138,20,7.663,130.5
155,5.172,23,7.686,130.1
156,5.205,23,6.58,151.97
157,5.239,28,4.03,248.11
158,5.272,23,6.748,148.18
159,5.305,23,7.051,141.82
160,5.339,30,6.043,165.48
161,5.372,34,7.478,133.72
162,5.405,43,5.98,167.24
163,5.439,30,14.477,69.08
164,5.472,34,8.893,112.45
165,5.506,32,7.049,141.87
166,5.539,30,4.165,240.07
167,5.572,34,9.482,105.46
168,5.606,29,12.386,80.74
169,5.639,25,3.588,278.69
170,5.672,26,14.05,71.17
171,5.706,32,5.862,170.59
172,5.739,31,7.93,126.11
173,5.772,33,5.32,187.97
174,5.806,27,14.024,71.31
175,5.839,30,12.455,80.29
176,5.873,30,8.137,122.9
177,5.906,32,5.654,176.87
178,5.939,33,6.783,147.42
179,5.973,31,6.114,163.55
180,6.006,32,6.908,144.75
181,6.039,30,7.199,138.92
182,6.073,28,6.875,145.46
183,6.106,31,9.865,101.37
184,6.139,30,3.771,265.16
185,6.173,29,13.976,71.55
186,6.206,35,7.157,139.72
187,6.24,29,8.329,120.06
188,6.273,31,3.774,264.99
189,6.306,24,15.485,64.58
190,6.34,26,4.876,205.07
191,6.373,28,2.898,345.07
192,6.406,28,17.352,57.63
193,6.44,28,6.893,145.08
194,6.473,31,8.979,111.37
195,6.506,27,6.462,154.75
196,6.54,25,5.891,169.76
197,6.573,27,11.716,85.36
198,6.607,25,3.797,263.38
199,6.64,26,13.662,73.2
200,6.673,28,13.557,73.76
201,6.707,29,7.566,132.17
202,6.74,35,7.29,137.17
203,6.773,38,8.1,123.46
204,6.807,34,7.735,129.28
205,6.84,27,6.14,162.85
206,6.874,30,6.806,146.92
207,6.907,26,7.064,141.57
208,6.94,31,11.212,89.19
209,6.974,33,2.013,496.84
210,7.007,34,4.655,214.83
211,7.04,31,4.688,213.32
212,7.074,28,6.481,154.3
213,7.107,34,6.321,158.2
214,7.14,42,7.119,140.46
215,7.174,34,7.344,136.17
216,7.207,34,12.776,78.27
217,7.241,39,7.473,133.82
218,7.274,43,2.891,345.92
219,7.307,39,7.103,140.79
220,7.341,36,6.885,145.24
221,7.374,29,7.141,140.03
222,7.407,26,7.872,127.03
223,7.441,25,8.417,118.81
224,7.474,26,5.61,178.24
225,7.508,23,9.671,103.4
226,7.541,22,4.195,238.39
227,7.574,22,7.102,140.81
228,7.608,19,6.685,149.59
229,7.641,15,3.924,254.85
230,7.674,21,6.281,159.21
231,7.708,26,5.697,175.55
232,7.741,30,5.199,192.33
233,7.774,30,14.637,68.32
234,7.808,31,9.469,105.61
235,7.841,27,7.725,129.44
236,7.875,33,4.238,235.97
237,7.908,29,6.269,159.5
238,7.941,27,4.105,243.61
239,7.975,27,6.89,145.15
240,8.008,30,4.652,214.95
241,8.041,24,13.079,76.46
242,8.075,24,7.29,137.18
243,8.108,30,5.359,186.61
244,8.141,22,6.711,149.01
245,8.175,23,5.627,177.72
246,8.208,16,7.465,133.96
247,8.242,18,7.123,140.38
248,8.275,20,5.712,175.06
249,8.308,18,6.985,143.16
250,8.342,24,5.857,170.74
251,8.375,25,7.503,133.28
252,8.408,26,5.0,200.0
253,8.442,27,5.239,190.88
254,8.475,26,13.368,74.8
255,8.508,24,9.738,102.69
256,8.542,23,6.978,143.31
257,8.575,26,6.175,161.95
258,8.609,30,12.73,78.55
259,8.642,23,7.848,127.42
260,8.675,26,7.767,128.74
261,8.709,22,4.017,248.95
262,8.742,24,9.425,106.1
263,8.775,23,4.752,210.42
264,8.809,23,13.431,74.45
265,8.842,24,9.114,109.73
266,8.876,24,7.814,127.97
267,8.909,24,6.407,156.09
268,8.942,29,6.236,160.35
269,8.976,31,6.31,158.47
270,9.009,29,13.242,75.51
271,9.042,26,9.195,108.75
272,9.076,27,6.996,142.94
273,9.109,25,5.842,171.16
274,9.142,25,9.012,110.96
275,9.176,23,4.22,236.94
276,9.209,18,5.661,176.66
277,9.243,23,4.018,248.88
278,9.276,24,5.975,167.36
279,9.309,21,7.982,125.27
280,9.343,20,4.02,248.74
281,9.376,16,7.187,139.13
282,9.409,15,6.349,157.5
283,9.443,20,7.338,136.28
284,9.476,26,11.097,90.12
285,9.51,23,6.616,151.15
286,9.543,23,6.147,162.68
287,9.576,23,7.085,141.15
288,9.61,26,7.255,137.84
289,9.643,22,5.082,196.79
290,9.676,23,9.818,101.85
291,9.71,21,5.324,187.82
292,9.743,24,12.325,81.13
293,9.776,22,10.544,94.84
294,9.81,20,6.193,161.48
295,9.843,27,16.323,61.26
296,9.877,28,10.754,92.99
297,9.91,25,3.113,321.21
298,9.943,26,5.602,178.5
299,9.977,25,11.41,87.64
300,10.01,29,9.108,109.79
301,10.043,24,4.567,218.97
302,10.077,24,12.862,77.75
303,10.11,17,9.241,108.21
304,10.143,16,4.126,242.38
305,10.177,14,12.755,78.4
306,10.21,19,9.443,105.9
307,10.244,16,6.324,158.13
308,10.277,13,5.441,183.78
309,10.31,13,8.777,113.94
310,10.344,14,3.511,284.84
311,10.377,14,13.362,74.84
312,10.41,12,12.117,82.53
313,10.444,11,6.923,144.45
314,10.477,14,5.831,171.49
315,10.511,13,7.047,141.91
316,10.544,14,14.47,69.11
317,10.577,14,6.655,150.27
318,10.611,15,5.964,167.68
319,10.644,11,14.379,69.54
320,10.677,9,2.019,495.31
321,10.711,12,4.2,238.11
322,10.744,15,11.093,90.15
323,10.777,12,8.496,117.7
324,10.811,16,2.992,334.21
325,10.844,19,13.654,73.24
326,10.878,15,7.113,140.58
327,10.911,16,14.827,67.45
328,10.944,13,10.453,95.67
329,10.978,14,5.809,172.14
330,11.011,12,11.957,83.63
331,11.044,11,10.189,98.14
332,11.078,10,4.798,208.41
333,11.111,12,12.695,78.77
334,11.144,10,8.028,124.56
335,11.178,13,3.281,304.82
336,11.211,12,13.846,72.22
337,11.245,14,4.934,202.67
338,11.278,10,10.731,93.19
339,11.311,14,13.96,71.63
340,11.345,13,5.443,183.74
341,11.378,13,12.241,81.7
342,11.411,13,8.576,116.61
343,11.445,13,3.042,328.68
344,11.478,17,13.661,73.2
345,11.511,15,12.007,83.29
346,11.545,11,5.005,199.8
347,11.578,16,12.068,82.86
348,11.612,16,7.495,133.42
349,11.645,16,7.093,140.99
350,11.678,17,5.387,185.65
351,11.712,16,5.884,169.94
352,11.745,15,12.354,80.94
353,11.778,13,8.61,116.14
354,11.812,13,3.86,259.07
355,11.845,18,12.997,76.94
356,11.879,18,8.259,121.08
357,11.912,18,5.381,185.83
358,11.945,17,11.98,83.47
359,11.979,18,4.279,233.69
360,12.012,16,4.045,247.22
361,12.045,14,4.285,233.35
362,12.079,14,8.382,119.31
363,12.112,13,4.046,247.15
364,12.145,15,12.385,80.74
365,12.179,19,7.265,137.65
366,12.212,18,7.016,142.54
367,12.246,18,10.714,93.33
368,12.279,16,10.993,90.96
369,12.312,13,5.505,181.64
370,12.346,14,11.962,83.6
371,12.379,16,5.657,176.76
372,12.412,15,14.357,69.65
373,12.446,16,7.353,136.0
374,12.479,19,4.495,222.46
375,12.513,12,12.953,77.2
376,12.546,11,8.558,116.85
377,12.579,10,2.659,376.14
378,12.613,14,12.571,79.55
379,12.646,17,9.451,105.81
380,12.679,16,3.143,318.18
381,12.713,14,14.761,67.75
382,12.746,13,5.015,199.4
383,12.779,13,3.961,252.44
384,12.813,14,15.009,66.63
385,12.846,12,9.856,101.46
386,12.88,13,4.941,202.39
387,12.913,14,12.037,83.08
388,12.946,12,5.43,184.18
389,12.98,12,4.93,202.84
390,13.013,9,11.847,84.41
391,13.046,8,7.071,141.42
392,13.08,11,4.716,212.05
393,13.113,12,12.813,78.05
394,13.146,8,4.962,201.53
395,13.18,9,13.945,71.71
396,13.213,12,14.638,68.31
397,13.247,9,8.567,116.72
398,13.28,14,7.875,126.98
399,13.313,15,0.0,0
400,13.347,16,18.879,52.97
401,13.38,16,0.0,0
402,13.413,11,4.386,228.0
403,13.447,14,14.297,69.95
404,13.48,16,0.0,0
405,13.514,15,0.0,0
406,13.547,19,18.725,53.4
407,13.58,15,11.444,87.38
408,13.614,15,4.314,231.78
409,13.647,15,15.227,65.67
410,13.68,16,6.737,148.43
411,13.714,12,7.463,134.0
412,13.747,17,7.084,141.17
413,13.78,16,6.774,147.63
414,13.814,15,4.568,218.9
415,13.847,13,12.91,77.46
416,13.881,11,12.384,80.75
417,13.914,10,6.023,166.04
418,13.947,11,6.608,151.33
419,13.981,15,11.672,85.68
420,14.014,19,4.895,204.3
421,14.047,11,13.746,72.75
422,14.081,17,6.865,145.67
423,14.114,15,3.887,257.27
424,14.147,13,15.567,64.24
425,14.181,10,10.623,94.14
426,14.214,11,3.273,305.48
427,14.248,7,14.192,70.46
428,14.281,8,7.351,136.04
429,14.314,10,2.487,402.02
430,14.348,13,15.231,65.66
431,14.381,17,6.021,166.1
432,14.414,12,2.162,462.44
433,14.448,9,15.796,63.31
434,14.481,12,6.052,165.25
435,14.514,13,4.017,248.96
436,14.548,9,13.167,75.95
437,14.581,12,7.163,139.61
438,14.615,15,2.69,371.77
439,14.648,18,15.909,62.86
440,14.681,18,9.98,100.2
441,14.715,14,2.919,342.53
442,14.748,14,15.136,66.07
443,14.781,17,10.674,93.69
444,14.815,19,4.371,228.78
445,14.848,17,12.889,77.59
446,14.882,15,6.982,143.22
447,14.915,14,4.416,226.45
448,14.948,15,13.343,74.94
449,14.982,15,5.043,198.28
450,15.015,16,4.813,207.77
451,15.048,18,13.829,72.31
452,15.082,14,5.935,168.49
453,15.115,15,7.359,135.9
454,15.148,14,6.912,144.69
455,15.182,14,6.391,156.47
456,15.215,11,5.02,199.21
457,15.249,14,13.338,74.97
458,15.282,15,6.551,152.65
459,15.315,13,5.966,167.61
460,15.349,12,11.796,84.77
461,15.382,11,5.792,172.64
462,15.415,12,6.371,156.96
463,15.449,14,11.05,90.49
464,15.482,18,9.409,106.28
465,15.515,16,7.645,130.81
466,15.549,23,11.765,85.0
467,15.582,23,6.277,159.32
468,15.616,25,5.652,176.92
469,15.649,23,13.923,71.83
470,15.682,22,10.376,96.37
471,15.716,21,2.365,422.81
472,15.749,21,15.095,66.25
473,15.782,21,7.341,136.23
474,15.816,20,3.338,299.61
475,15.849,20,14.342,69.73
476,15.883,22,11.685,85.58
477,15.916,23,7.852,127.36
478,15.949,25,8.019,124.71
479,15.983,24,6.818,146.67
480,16.016,25,10.316,96.94
481,16.049,28,6.874,145.48
482,16.083,26,7.766,128.76
483,16.116,27,6.917,144.57
484,16.149,24,3.392,294.85
485,16.183,25,16.258,61.51
486,16.216,25,6.994,142.98
487,16.25,25,4.828,207.12
488,16.283,28,17.026,58.73
489,16.316,24,10.487,95.36
490,16.35,25,5.175,193.23
491,16.383,26,4.562,219.21
492,16.416,24,15.309,65.32
493,16.45,26,11.454,87.31
494,16.483,24,9.226,108.39
495,16.517,22,8.725,114.61
496,16.55,20,11.24,88.97
497,16.583,20,6.748,148.19
498,16.617,23,12.798,78.14
499,16.65,22,14.373,69.58
500,16.683,22,10.939,91.42
501,16.717,21,6.581,151.96
502,16.75,19,4.719,211.89
503,16.783,27,8.529,117.24
504,16.817,27,3.001,333.25
505,16.85,24,13.083,76.43
506,16.884,24,9.094,109.97
507,16.917,29,4.16,240.36
508,16.95,23,15.477,64.61
509,16.984,26,11.576,86.38
510,17.017,22,5.627,177.71
511,17.05,22,12.593,79.41
512,17.084,24,9.675,103.36
513,17.117,21,3.317,301.44
514,17.15,22,13.957,71.65
515,17.184,22,14.39,69.49
516,17.217,25,6.725,148.71
517,17.251,21,7.303,136.93
518,17.284,17,7.38,135.49
519,17.317,24,7.235,138.22
520,17.351,23,7.572,132.07
521,17.384,20,7.968,125.5
522,17.417,20,6.227,160.58
523,17.451,17,8.71,114.81
524,17.484,19,6.16,162.34
525,17.518,21,12.768,78.32
526,17.551,12,10.819,92.43
527,17.584,17,6.498,153.9
528,17.618,18,7.301,136.97
529,17.651,16,10.224,97.81
530,17.684,15,6.852,145.93
531,17.718,17,6.832,146.38
532,17.751,18,3.426,291.88
533,17.784,20,12.662,78.98
534,17.818,19,13.074,76.49
535,17.851,21,9.072,110.23
536,17.885,22,7.318,136.65
537,17.918,20,6.835,146.3
538,17.951,22,3.803,262.95
539,17.985,22,14.62,68.4
540,18.018,18,11.052,90.48
541,18.051,21,6.114,163.55
542,18.085,20,12.289,81.38
543,18.118,19,7.645,130.8
544,18.151,20,3.453,289.56
545,18.185,19,15.333,65.22
546,18.218,20,2.703,369.97
547,18.252,17,4.863,205.62
548,18.285,16,16.085,62.17
549,18.318,15,11.033,90.64
550,18.352,12,0.0,0
551,18.385,12,5.535,180.67
552,18.418,11,13.819,72.36
553,18.452,11,0.0,0
554,18.485,14,18.844,53.07
555,18.518,14,13.715,72.91
556,18.552,16,7.466,133.94
557,18.585,17,9.578,104.4
558,18.619,16,10.832,92.32
559,18.652,16,9.384,106.57
560,18.685,18,6.827,146.48
561,18.719,16,11.055,90.46
562,18.752,14,6.47,154.55
563,18.785,13,12.861,77.75
564,18.819,14,5.502,181.76
565,18.852,13,3.036,329.38
566,18.886,19,12.346,81.0
567,18.919,17,7.841,127.53
568,18.952,17,6.67,149.94
569,18.986,18,5.78,173.02
570,19.019,17,7.9,126.58
571,19.052,23,4.556,219.51
572,19.086,21,12.578,79.51
573,19.119,24,7.168,139.51
574,19.152,24,2.824,354.1
575,19.186,25,15.14,66.05
576,19.219,20,11.301,88.49
577,19.253,22,6.197,161.36
578,19.286,23,12.455,80.29
579,19.319,17,8.984,111.31
580,19.353,17,3.264,306.38
581,19.386,17,14.45,69.21
582,19.419,18,11.148,89.7
583,19.453,21,4.525,221.0
584,19.486,18,13.767,72.63
585,19.52,21,0.0,0
586,19.553,16,9.085,110.07
587,19.586,16,7.791,128.36
588,19.62,13,10.827,92.36
589,19.653,18,7.592,131.72
590,19.686,13,7.883,126.85
591,19.72,12,6.101,163.91
592,19.753,15,11.138,89.78
593,19.786,13,7.613,131.36
594,19.82,11,6.571,152.18
595,19.853,9,0.0,0
596,19.887,9,19.607,51.0
597,19.92,13,10.208,97.96
598,19.953,11,11.13,89.85
599,19.987,8,4.052,246.78
600,20.02,11,9.194,108.76
601,20.053,13,5.307,188.43
602,20.087,15,12.149,82.31
603,20.12,13,8.716,114.74
604,20.153,14,7.514,133.09
605,20.187,13,5.342,187.21
606,20.22,14,11.973,83.52
607,20.254,12,6.004,166.55
608,20.287,15,6.113,163.58
609,20.32,15,11.45,87.33
610,20.354,18,8.136,122.92
611,20.387,15,5.931,168.59
612,20.42,15,6.586,151.84
613,20.454,15,0.0,0
614,20.487,17,16.816,59.47
615,20.521,17,7.172,139.42
616,20.554,16,6.685,149.58
617,20.587,11,8.48,117.93
618,20.621,12,7.118,140.5
619,20.654,12,3.592,278.36
620,20.687,14,9.702,103.07
621,20.721,16,9.981,100.19
622,20.754,18,7.144,139.97
623,20.787,22,6.959,143.69
624,20.821,20,9.8,102.04
625,20.854,23,5.183,192.93
626,20.888,20,13.228,75.6
627,20.921,21,7.746,129.1
628,20.954,17,4.051,246.83
629,20.988,13,14.536,68.8
630,21.021,10,4.101,243.87
631,21.054,13,13.36,74.85
632,21.088,18,6.079,164.5
633,21.121,22,9.62,103.95
634,21.154,26,6.764,147.84
635,21.188,20,13.35,74.9
636,21.221,20,8.735,114.48
637,21.255,17,6.643,150.54
638,21.288,23,5.823,171.74
639,21.321,24,2.047,488.56
640,21.355,25,7.173,139.41
641,21.388,26,5.95,168.07
642,21.421,26,0.0,0
643,21.455,25,0.0,0
644,21.488,28,21.045,47.52
645,21.521,22,8.818,113.41
646,21.555,22,5.876,170.19
647,21.588,23,6.084,164.35
648,21.622,20,12.106,82.61
649,21.655,24,11.081,90.25
650,21.688,24,5.661,176.65
651,21.722,26,13.031,76.74
652,21.755,21,14.611,68.44
653,21.788,19,11.742,85.16
654,21.822,23,4.012,249.26
655,21.855,30,12.095,82.68
656,21.889,28,15.906,62.87
657,21.922,24,11.804,84.71
658,21.955,23,2.848,351.13
659,21.989,23,13.913,71.88
660,22.022,24,8.653,115.57
661,22.055,27,3.428,291.74
662,22.089,28,13.678,73.11
663,22.122,30,9.076,110.18
664,22.155,30,0.738,1355.63
665,22.189,28,15.578,64.19
666,22.222,24,14.054,71.16
667,22.256,27,6.53,153.15
668,22.289,25,6.167,162.14
669,22.322,24,11.924,83.86
670,22.356,21,0.0,0
671,22.389,18,2.018,495.55
672,22.422,16,5.999,166.71
673,22.456,21,8.726,114.6
674,22.489,23,7.465,133.95
675,22.523,27,5.642,177.24
676,22.556,24,2.048,488.39
677,22.589,20,3.663,273.03
678,22.623,21,13.453,74.33
679,22.656,20,12.684,78.84
680,22.689,23,3.574,279.81
681,22.723,22,15.817,63.22
682,22.756,22,10.136,98.66
683,22.789,19,8.145,122.77
684,22.823,16,5.043,198.28
685,22.856,18,8.857,112.91
686,22.89,21,3.514,284.61
687,22.923,15,13.426,74.48
688,22.956,14,8.441,118.46
689,22.99,19,6.853,145.93
690,23.023,16,5.732,174.47
691,23.056,16,11.566,86.46
692,23.09,20,7.376,135.58
693,23.123,18,10.518,95.08
694,23.156,16,7.356,135.94
695,23.19,16,5.649,177.03
696,23.223,14,12.013,83.24
697,23.257,14,10.51,95.15
698,23.29,11,4.126,242.35
699,23.323,10,8.956,111.65
700,23.357,8,5.758,173.68
701,23.39,10,13.982,71.52
702,23.423,11,10.902,91.72
703,23.457,11,7.257,137.8
704,23.49,16,4.426,225.93
705,23.524,15,7.012,142.61
706,23.557,14,10.998,90.92
707,23.59,12,5.087,196.57
708,23.624,12,12.202,81.96
709,23.657,11,2.011,497.19
710,23.69,13,12.894,77.56
711,23.724,10,2.013,496.72
712,23.757,11,6.994,142.98
713,23.79,12,4.773,209.5
714,23.824,13,6.44,155.27
715,23.857,14,2.972,336.43
716,23.891,13,5.882,170.02
717,23.924,12,0.0,0
718,23.957,13,7.482,133.65
719,23.991,16,5.567,179.62
720,24.024,17,7.531,132.79
721,24.057,12,6.913,144.66
722,24.091,17,7.221,138.48
723,24.124,17,4.021,248.71
724,24.157,14,5.828,171.58
725,24.191,16,7.462,134.01
726,24.224,13,6.465,154.67
727,24.258,13,0.0,0
728,24.291,11,7.685,130.13
729,24.324,9,5.236,190.99
730,24.358,11,0.0,0
731,24.391,13,4.029,248.2
732,24.424,15,12.208,81.91
733,24.458,13,0.0,0
734,24.491,12,7.638,130.92
735,24.524,13,5.166,193.58
736,24.558,13,12.143,82.35
737,24.591,16,2.94,340.12
738,24.625,14,13.667,73.17
739,24.658,13,11.37,87.95
740,24.691,14,7.697,129.92
741,24.725,14,6.586,151.84
742,24.758,8,8.004,124.94
743,24.791,12,7.282,137.32
744,24.825,14,6.069,164.78
745,24.858,9,4.024,248.52
746,24.892,11,6.253,159.91
747,24.925,14,4.105,243.63
748,24.958,14,8.239,121.38
749,24.992,13,4.827,207.18
750,25.025,10,12.165,82.21
751,25.058,14,7.282,137.32
752,25.092,16,5.048,198.1
753,25.125,16,7.162,139.62
754,25.158,14,3.572,279.92
755,25.192,15,13.245,75.5
756,25.225,14,8.322,120.16
757,25.259,24,2.547,392.69
758,25.292,23,13.756,72.7
759,25.325,18,12.413,80.56
760,25.359,14,4.998,200.07
761,25.392,15,5.57,179.54
762,25.425,13,11.702,85.45
763,25.459,13,6.591,151.71
764,25.492,11,6.053,165.2
765,25.526,11,4.021,248.67
766,25.559,11,4.216,237.19
767,25.592,9,2.016,495.96
768,25.626,10,5.187,192.8
769,25.659,9,11.87,84.25
770,25.692,11,2.018,495.49
771,25.726,10,6.601,151.49
772,25.759,12,9.812,101.92
773,25.792,14,7.188,139.12
774,25.826,7,4.759,210.11
775,25.859,8,8.189,122.11
776,25.893,7,4.043,247.35
777,25.926,10,6.865,145.66
778,25.959,10,6.919,144.53
779,25.993,12,4.734,211.25
780,26.026,11,2.019,495.37
781,26.059,11,6.976,143.35
782,26.093,10,5.8,172.41
783,26.126,11,6.12,163.39
784,26.159,9,3.243,308.34
785,26.193,9,5.195,192.51
786,26.226,10,4.019,248.85
787,26.26,10,6.948,143.94
788,26.293,10,2.049,487.99
789,26.326,12,7.917,126.3
790,26.36,12,6.454,154.93
791,26.393,13,8.72,114.68
792,26.426,17,6.811,146.82
793,26.46,18,6.4,156.25
794,26.493,16,7.533,132.76
795,26.527,13,7.574,132.03
796,26.56,10,2.015,496.19
797,26.593,9,2.01,497.54
798,26.627,11,6.409,156.03
799,26.66,10,2.014,496.43
800,26.693,11,7.97,125.47
801,26.727,9,5.297,188.78
802,26.76,8,4.856,205.93
803,26.793,8,6.154,162.5
804,26.827,7,8.418,118.79
805,26.86,13,6.314,158.39
806,26.894,13,4.754,210.36
807,26.927,14,2.735,365.64
808,26.96,11,3.754,266.39
809,26.994,11,12.932,77.33
810,27.027,11,6.163,162.27
811,27.06,12,6.183,161.72
812,27.094,14,9.915,100.85
813,27.127,16,6.848,146.03
814,27.16,13,5.202,192.24
815,27.194,16,12.539,79.75
816,27.227,12,6.033,165.76
817,27.261,16,4.882,204.84
818,27.294,16,9.14,109.41
819,27.327,16,5.275,189.59
820,27.361,20,12.592,79.42
821,27.394,16,8.148,122.73
822,27.427,14,8.537,117.14
823,27.461,12,4.017,248.96
824,27.494,11,14.251,70.17
825,27.527,14,12.03,83.12
826,27.561,17,0.0,0
827,27.594,14,16.776,59.61
828,27.628,17,12.2,81.97
829,27.661,14,7.673,130.32
830,27.694,12,7.366,135.76
831,27.728,10,5.56,179.85
832,27.761,15,5.828,171.6
833,27.794,18,10.794,92.65
834,27.828,14,8.016,124.75
835,27.861,14,7.46,134.05
836,27.895,16,6.33,157.99
837,27.928,15,7.082,141.2
838,27.961,18,6.901,144.92
839,27.995,16,1.903,525.54
840,28.028,16,8.731,114.54
841,28.061,16,6.97,143.47
842,28.095,20,9.432,106.02
843,28.128,19,7.748,129.07
844,28.161,21,5.122,195.24
845,28.195,23,7.424,134.7
846,28.228,26,6.958,143.71
847,28.262,22,5.516,181.3
848,28.295,22,12.389,80.72
849,28.328,21,6.037,165.65
850,28.362,21,6.25,160.0
851,28.395,22,4.882,204.82
852,28.428,24,6.391,156.47
853,28.462,23,6.39,156.5
854,28.495,24,6.591,151.71
855,28.529,24,7.215,138.6
856,28.562,21,6.141,162.85
857,28.595,26,13.806,72.43
858,28.629,23,9.656,103.56
859,28.662,22,8.832,113.22
860,28.695,25,7.28,137.37
861,28.729,24,2.893,345.67
862,28.762,22,3.686,271.28
863,28.795,25,5.76,173.6
864,28.829,27,13.912,71.88
865,28.862,22,9.797,102.07
866,28.896,19,5.164,193.66
867,28.929,24,7.183,139.23
868,28.962,28,0.0,0
869,28.996,28,6.594,151.64
870,29.029,28,6.559,152.46
871,29.062,26,0.0,0
872,29.096,28,9.398,106.41
873,29.129,25,5.232,191.12
874,29.162,27,14.533,68.81
875,29.196,24,10.443,95.76
876,29.229,24,5.399,185.21
877,29.263,24,7.887,126.79
878,29.296,26,8.67,115.34
879,29.329,28,6.943,144.04
880,29.363,24,6.067,164.82
881,29.396,29,12.819,78.01
882,29.429,26,3.639,274.8
883,29.463,25,14.62,68.4
884,29.496,21,12.823,77.99
885,29.53,22,5.862,170.58
886,29.563,20,8.377,119.38
887,29.596,23,9.97,100.3
888,29.63,24,7.521,132.96
889,29.663,21,8.416,118.83
890,29.696,21,6.187,161.63
891,29.73,19,11.372,87.93
892,29.763,19,7.596,131.66
893,29.796,20,6.19,161.54
894,29.83,20,6.076,164.58
895,29.863,23,5.214,191.77
896,29.897,22,8.019,124.7
897,29.93,21,5.618,177.99
898,29.963,23,2.635,379.51
899,29.997,19,14.259,70.13
900,30.03,22,11.929,83.83
901,30.063,18,2.012,497.01
902,30.097,20,15.125,66.12
903,30.13,22,6.229,160.53
904,30.163,19,6.055,165.16
905,30.197,26,5.421,184.47
906,30.23,23,12.456,80.28
907,30.264,20,3.071,325.64
908,30.297,22,8.314,120.28
909,30.33,19,5.834,171.41
910,30.364,25,7.926,126.17
911,30.397,22,5.23,191.2
912,30.43,23,1.973,506.74
913,30.464,22,5.271,189.71
914,30.497,22,5.866,170.47
915,30.53,21,8.539,117.1
916,30.564,21,10.585,94.47
917,30.597,24,9.002,111.09
918,30.631,24,5.589,178.92
919,30.664,26,14.254,70.16
920,30.697,25,6.999,142.87
921,30.731,25,7.653,130.67
922,30.764,24,5.826,171.66
923,30.797,23,9.249,108.11
924,30.831,23,6.885,145.25
925,30.864,25,7.478,133.72
926,30.898,20,5.702,175.39
927,30.931,17,6.996,142.94
928,30.964,19,6.904,144.85
929,30.998,23,5.028,198.88
930,31.031,20,4.026,248.4
931,31.064,21,4.106,243.54
932,31.098,24,13.46,74.29
933,31.131,22,13.477,74.2
934,31.164,24,7.421,134.75
935,31.198,23,4.367,228.98
936,31.231,25,7.144,139.98
937,31.265,25,7.284,137.29
938,31.298,24,3.056,327.27
939,31.331,23,8.198,121.98
940,31.365,17,7.401,135.12
941,31.398,21,5.103,195.96
942,31.431,23,6.852,145.93
943,31.465,23,7.238,138.15
944,31.498,22,7.444,134.34
945,31.532,23,11.386,87.82
946,31.565,23,4.016,248.98
947,31.598,23,2.235,447.49
948,31.632,23,15.277,65.46
949,31.665,22,10.618,94.18
950,31.698,24,3.643,274.51
951,31.732,21,6.991,143.04
952,31.765,23,6.24,160.26
953,31.798,24,7.231,138.3
954,31.832,24,10.376,96.38
955,31.865,21,5.823,171.73
956,31.899,23,4.611,216.89
957,31.932,24,12.724,78.59
958,31.965,21,3.419,292.47
959,31.999,20,13.645,73.29
960,32.032,25,6.769,147.72
961,32.065,24,2.014,496.54
962,32.099,20,15.129,66.1
963,32.132,25,5.079,196.89
964,32.165,19,4.455,224.45
965,32.199,17,12.59,79.43
966,32.232,17,7.312,136.77
967,32.266,22,3.659,273.3
968,32.299,18,7.053,141.79
969,32.332,21,6.177,161.9
970,32.366,20,4.378,228.41
971,32.399,19,12.349,80.98
972,32.432,19,4.335,230.68
973,32.466,21,5.203,192.18
974,32.499,21,6.598,151.57
975,32.532,19,7.132,140.22
976,32.566,18,7.641,130.88
977,32.599,17,4.286,233.33
978,32.633,16,5.883,169.97
979,32.666,13,11.966,83.57
980,32.699,15,7.103,140.79
981,32.733,18,6.153,162.51
982,32.766,16,8.271,120.9
983,32.799,16,6.455,154.91
984,32.833,15,5.919,168.94
985,32.866,15,9.151,109.28
986,32.9,15,4.347,230.06
987,32.933,18,7.328,136.47
988,32.966,15,8.388,119.22
989,33.0,15,4.985,200.61
990,33.033,14,13.441,74.4
991,33.066,11,6.723,148.73
992,33.1,12,6.294,158.88
993,33.133,15,7.186,139.16
994,33.166,14,8.58,116.55
995,33.2,15,6.869,145.59
996,33.233,14,4.03,248.17
997,33.267,11,6.444,155.2
998,33.3,11,7.116,140.52
999,33.333,10,2.347,426.08
1000,33.367,17,5.439,183.87
1001,33.4,13,12.952,77.21
1002,33.433,11,4.994,200.25
1003,33.467,13,11.067,90.36
1004,33.5,10,13.432,74.45
1005,33.534,9,4.772,209.57
1006,33.567,9,12.156,82.26
1007,33.6,11,2.02,494.96
1008,33.634,11,2.478,403.61
1009,33.667,14,6.599,151.54
1010,33.7,14,6.06,165.02
1011,33.734,13,14.588,68.55
1012,33.767,20,5.688,175.8
1013,33.8,18,3.436,291.03
1014,33.834,17,13.101,76.33
1015,33.867,18,5.485,182.31
1016,33.901,15,4.556,219.49
1017,33.934,16,12.752,78.42
1018,33.967,18,12.254,81.6
1019,34.001,14,6.971,143.44
1020,34.034,17,6.263,159.67
1021,34.067,17,4.757,210.22
1022,34.101,14,5.007,199.71
1023,34.134,17,7.241,138.11
1024,34.167,19,4.569,218.85
1025,34.201,20,15.5,64.52
1026,34.234,17,13.841,72.25
1027,34.268,22,12.596,79.39
1028,34.301,23,9.732,102.75
1029,34.334,22,4.255,235.04
1030,34.368,18,5.19,192.68
1031,34.401,18,7.85,127.39
1032,34.434,25,5.936,168.46
1033,34.468,25,4.22,236.99
1034,34.501,23,14.708,67.99
1035,34.535,21,2.009,497.78
1036,34.568,23,7.942,125.91
1037,34.601,22,6.524,153.29
1038,34.635,18,7.376,135.58
1039,34.668,23,6.648,150.43
1040,34.701,17,6.778,147.53
1041,34.735,20,0.0,0
1042,34.768,24,7.766,128.76
1043,34.801,22,6.972,143.42
1044,34.835,19,10.934,91.46
1045,34.868,20,3.321,301.14
1046,34.902,20,6.357,157.3
1047,34.935,22,7.351,136.04
1048,34.968,20,6.816,146.72
1049,35.002,17,6.091,164.17
1050,35.035,16,11.579,86.36
1051,35.068,19,7.565,132.18
1052,35.102,17,6.255,159.87
1053,35.135,17,9.056,110.43
1054,35.168,21,6.593,151.67
1055,35.202,18,6.382,156.68
1056,35.235,22,2.011,497.25
1057,35.269,21,3.885,257.43
1058,35.302,19,14.281,70.02
1059,35.335,13,10.84,92.25
1060,35.369,16,6.799,147.08
1061,35.402,19,6.951,143.86
1062,35.435,18,7.322,136.58
1063,35.469,19,2.569,389.19
1064,35.502,20,14.564,68.66
1065,35.535,18,11.088,90.19
1066,35.569,17,3.58,279.3
1067,35.602,24,12.969,77.1
1068,35.636,21,10.285,97.23
1069,35.669,23,7.154,139.79
1070,35.702,23,6.927,144.35
1071,35.736,21,6.393,156.41
1072,35.769,18,6.606,151.38
1073,35.802,18,6.212,160.97
1074,35.836,21,4.019,248.8
1075,35.869,20,7.734,129.29
1076,35.903,19,7.843,127.49
1077,35.936,20,2.011,497.37
1078,35.969,21,7.542,132.59
1079,36.003,20,7.198,138.93
1080,36.036,20,10.899,91.75
1081,36.069,16,5.292,188.97
1082,36.103,20,12.144,82.34
1083,36.136,21,6.509,153.64
1084,36.169,21,3.371,296.63
1085,36.203,24,6.793,147.2
1086,36.236,19,7.743,129.15
1087,36.27,20,7.208,138.74
1088,36.303,21,6.999,142.87
1089,36.336,22,8.001,124.99
1090,36.37,23,6.0,166.67
1091,36.403,20,8.0,125.0
1092,36.436,21,7.997,125.05
1093,36.47,20,7.003,142.79
1094,36.503,21,5.314,188.17
1095,36.537,20,6.42,155.77
1096,36.57,21,6.85,145.99
1097,36.603,20,8.052,124.19
1098,36.637,22,3.427,291.8
1099,36.67,21,7.593,131.71
1100,36.703,20,7.387,135.37
1101,36.737,20,3.352,298.29
1102,36.77,18,7.709,129.71
1103,36.803,22,9.666,103.46
1104,36.837,19,2.263,441.83
1105,36.87,18,15.493,64.54
1106,36.904,21,7.337,136.3
1107,36.937,22,7.375,135.59
1108,36.97,25,6.261,159.72
1109,37.004,22,11.443,87.39
1110,37.037,21,8.746,114.34
1111,37.07,22,6.929,144.32
1112,37.104,21,11.656,85.79
1113,37.137,20,4.21,237.54
1114,37.17,19,7.142,140.02
1115,37.204,16,12.316,81.19
1116,37.237,14,6.152,162.56
1117,37.271,19,5.964,167.68
1118,37.304,21,6.854,145.89
1119,37.337,21,5.852,170.87
1120,37.371,19,4.993,200.26
1121,37.404,21,14.958,66.85
1122,37.437,18,6.381,156.71
1123,37.471,17,6.342,157.69
1124,37.504,21,7.514,133.09
1125,37.538,21,3.658,273.37
1126,37.571,18,3.772,265.11
1127,37.604,21,16.177,61.82
1128,37.638,23,10.11,98.91
1129,37.671,23,8.15,122.69
1130,37.704,26,7.861,127.22
1131,37.738,22,13.386,74.71
1132,37.771,24,6.627,150.9
1133,37.804,24,2.892,345.78
1134,37.838,24,15.564,64.25
1135,37.871,21,8.361,119.6
1136,37.905,25,4.254,235.08
1137,37.938,26,15.509,64.48
1138,37.971,26,11.498,86.97
1139,38.005,25,5.476,182.61
1140,38.038,27,15.211,65.74
1141,38.071,26,11.813,84.65
1142,38.105,27,5.226,191.35
1143,38.138,26,2.842,351.81
1144,38.171,21,15.04,66.49
1145,38.205,22,6.773,147.65
1146,38.238,20,5.0,200.01
1147,38.272,18,12.661,78.98
1148,38.305,18,5.836,171.34
1149,38.338,19,4.398,227.38
1150,38.372,18,12.365,80.87
1151,38.405,19,7.398,135.18
1152,38.438,18,6.191,161.52
1153,38.472,19,10.904,91.71
1154,38.505,17,7.543,132.58
1155,38.538,16,6.594,151.66
1156,38.572,17,6.546,152.76
1157,38.605,17,4.643,215.37
1158,38.639,17,12.428,80.46
1159,38.672,16,8.436,118.54
1160,38.705,18,4.926,203.0
1161,38.739,20,13.068,76.52
1162,38.772,17,5.49,182.14
1163,38.805,16,7.428,134.62
1164,38.839,16,6.166,162.17
1165,38.872,19,5.923,168.84
1166,38.906,14,13.622,73.41
1167,38.939,16,11.947,83.7
1168,38.972,18,4.676,213.84
1169,39.006,20,14.376,69.56
1170,39.039,18,7.519,132.99
1171,39.072,21,6.94,144.08
1172,39.106,22,5.632,177.55
1173,39.139,20,8.76,114.15
1174,39.172,18,3.83,261.12
1175,39.206,19,14.614,68.43
1176,39.239,22,6.334,157.88
1177,39.273,19,0.755,1324.8
1178,39.306,19,16.115,62.06
1179,39.339,24,6.619,151.08
1180,39.373,23,4.414,226.56
1181,39.406,22,13.583,73.62
1182,39.439,26,5.885,169.93
1183,39.473,26,6.453,154.97
1184,39.506,22,5.716,174.94
1185,39.54,15,8.023,124.64
1186,39.573,13,6.185,161.69
1187,39.606,18,6.536,153.0
1188,39.64,18,6.144,162.77
1189,39.673,17,6.612,151.25
1190,39.706,13,2.018,495.55
1191,39.74,19,4.114,243.08
1192,39.773,18,11.321,88.33
1193,39.806,23,8.977,111.39
1194,39.84,19,2.799,357.3
1195,39.873,23,13.239,75.54
1196,39.907,26,8.541,117.08
1197,39.94,18,8.583,116.51
1198,39.973,22,6.843,146.13
1199,40.007,23,7.354,135.98
1200,40.04,28,2.916,342.9
1201,40.073,24,12.962,77.15
1202,40.107,22,9.049,110.5
1203,40.14,25,8.713,114.77
1204,40.173,22,5.386,185.67
1205,40.207,25,9.116,109.7
1206,40.24,22,4.553,219.64
1207,40.274,31,12.879,77.65
1208,40.307,26,13.414,74.55
1209,40.34,21,2.846,351.34
1210,40.374,21,14.557,68.69
1211,40.407,24,6.359,157.25
1212,40.44,22,4.514,221.53
1213,40.474,28,12.829,77.95
1214,40.507,25,8.679,115.22
1215,40.541,24,3.643,274.48
1216,40.574,20,13.475,74.21
1217,40.607,20,9.421,106.15
1218,40.641,22,2.668,374.79
1219,40.674,20,15.61,64.06
1220,40.707,22,5.901,169.47
1221,40.741,20,2.392,418.13
1222,40.774,19,14.112,70.86
1223,40.807,17,7.084,141.16
1224,40.841,21,10.938,91.42
1225,40.874,17,4.094,244.24
1226,40.908,19,5.595,178.73
1227,40.941,22,12.392,80.7
1228,40.974,23,8.907,112.28
1229,41.008,20,0.0,0
1230,41.041,23,15.79,63.33
1231,41.074,25,9.186,108.86
1232,41.108,25,5.473,182.71
1233,41.141,24,12.45,80.32
1234,41.174,20,9.643,103.7
1235,41.208,20,5.083,196.75
1236,41.241,24,13.054,76.6
1237,41.275,25,9.263,107.96
1238,41.308,23,6.874,145.48
1239,41.341,26,5.305,188.49
1240,41.375,21,9.396,106.42
1241,41.408,25,5.295,188.86
1242,41.441,24,12.274,81.47
1243,41.475,22,9.237,108.26
1244,41.508,19,3.093,323.31
1245,41.541,21,13.503,74.06
1246,41.575,20,4.387,227.94
1247,41.608,20,0.0,0
1248,41.642,20,19.513,51.25
1249,41.675,20,6.51,153.6
1250,41.708,23,3.604,277.46
1251,41.742,22,13.118,76.23
1252,41.775,20,6.964,143.6
1253,41.808,20,2.192,456.3
1254,41.842,22,14.711,67.98
1255,41.875,25,7.757,128.91
1256,41.909,20,4.032,248.02
1257,41.942,25,13.049,76.63
1258,41.975,19,5.479,182.53
1259,42.009,19,6.365,157.1
1260,42.042,16,6.286,159.07
1261,42.075,23,6.456,154.89
1262,42.109,21,11.822,84.59
1263,42.142,17,14.528,68.83
1264,42.175,20,6.354,157.38
1265,42.209,19,6.897,145.0
1266,42.242,15,8.441,118.47
1267,42.276,19,4.061,246.23
1268,42.309,17,15.238,65.63
1269,42.342,18,6.939,144.11
1270,42.376,18,5.766,173.43
1271,42.409,18,12.19,82.04
1272,42.442,16,8.758,114.18
1273,42.476,19,3.377,296.15
1274,42.509,19,4.842,206.53
1275,42.543,16,7.765,128.79
1276,42.576,22,6.568,152.25
1277,42.609,20,11.051,90.49
1278,42.643,15,6.347,157.55
1279,42.676,18,11.505,86.92
1280,42.709,15,9.155,109.23
1281,42.743,17,8.117,123.2
1282,42.776,18,4.945,202.22
1283,42.809,22,8.029,124.55
1284,42.843,22,2.017,495.66
1285,42.876,18,14.604,68.48
1286,42.91,19,6.846,146.06
1287,42.943,23,14.702,68.02
1288,42.976,18,6.326,158.07
1289,43.01,19,7.565,132.2
1290,43.043,19,6.989,143.09
1291,43.076,18,5.796,172.54
1292,43.11,20,6.815,146.74
1293,43.143,19,7.04,142.05
1294,43.176,20,8.469,118.07
1295,43.21,20,6.005,166.53
1296,43.243,19,7.005,142.75
1297,43.277,22,7.009,142.67
1298,43.31,23,6.999,142.88
1299,43.343,22,7.008,142.7
1300,43.377,22,7.572,132.06
1301,43.41,22,6.974,143.4
1302,43.443,23,6.574,152.11
1303,43.477,26,15.814,63.24
1304,43.51,25,6.984,143.18
1305,43.544,26,5.999,166.7
1306,43.577,25,6.998,142.89
1307,43.61,27,6.856,145.86
1308,43.644,23,2.004,498.97
1309,43.677,23,7.0,142.86
1310,43.71,22,7.001,142.83
1311,43.744,23,5.997,166.75
1312,43.777,22,5.998,166.73
1313,43.81,22,10.402,96.14
1314,43.844,20,7.007,142.71
1315,43.877,22,4.105,243.59
1316,43.911,19,12.778,78.26
1317,43.944,22,8.863,112.83
1318,43.977,22,3.81,262.49
1319,44.011,18,14.272,70.07
1320,44.044,18,3.978,251.37
1321,44.077,23,4.055,246.64
1322,44.111,20,12.135,82.4
1323,44.144,18,4.018,248.89
1324,44.177,20,14.989,66.72
1325,44.211,21,2.013,496.78
1326,44.244,18,4.819,207.52
1327,44.278,21,12.835,77.91
1328,44.311,22,8.649,115.62
1329,44.344,17,3.476,287.69
1330,44.378,23,12.753,78.41
1331,44.411,20,6.537,152.98
1332,44.444,19,2.71,369.02
1333,44.478,21,14.618,68.41
1334,44.511,21,4.156,240.6
1335,44.544,19,12.056,82.95
1336,44.578,18,9.571,104.49
1337,44.611,20,5.596,178.71
1338,44.645,17,12.032,83.11
1339,44.678,13,9.094,109.96
1340,44.711,21,3.733,267.9
1341,44.745,18,12.844,77.86
1342,44.778,16,12.257,81.58
1343,44.811,15,7.007,142.72
1344,44.845,16,9.021,110.86
1345,44.878,18,6.516,153.48
1346,44.912,20,11.743,85.16
1347,44.945,21,9.321,107.28
1348,44.978,19,4.676,213.88
1349,45.012,19,12.411,80.58
1350,45.045,16,8.349,119.78
1351,45.078,11,3.754,266.36
1352,45.112,17,12.381,80.77
1353,45.145,15,5.867,170.44
1354,45.178,19,14.574,68.62
1355,45.212,18,6.771,147.69
1356,45.245,16,4.222,236.83
1357,45.279,12,12.634,79.15
1358,45.312,15,7.443,134.36
1359,45.345,16,2.705,369.67
1360,45.379,15,13.97,71.58
1361,45.412,19,5.885,169.93
1362,45.445,23,12.424,80.49
1363,45.479,22,4.091,244.45
1364,45.512,22,4.162,240.28
1365,45.546,18,11.426,87.52
1366,45.579,24,15.582,64.18
1367,45.612,26,6.947,143.94
1368,45.646,29,0.579,1726.76
1369,45.679,26,16.72,59.81
1370,45.712,28,4.014,249.11
1371,45.746,28,4.038,247.66
1372,45.779,32,16.78,59.6
1373,45.812,34,12.469,80.2
1374,45.846,33,6.881,145.32
1375,45.879,37,4.032,248.04
1376,45.913,34,13.122,76.21
1377,45.946,33,15.002,66.66
1378,45.979,32,6.247,160.08
1379,46.013,38,6.983,143.2
1380,46.046,35,5.037,198.54
1381,46.079,36,9.467,105.63
1382,46.113,44,6.308,158.52
1383,46.146,36,4.985,200.59
1384,46.179,38,13.162,75.98
1385,46.213,34,8.862,112.84
1386,46.246,31,4.082,244.98
1387,46.28,32,13.392,74.67
1388,46.313,25,9.699,103.11
1389,46.346,22,2.694,371.21
1390,46.38,22,16.524,60.52
1391,46.413,22,6.869,145.59
1392,46.446,22,6.241,160.22
1393,46.48,24,12.215,81.86
1394,46.513,25,9.934,100.66
1395,46.547,27,6.135,163.01
1396,46.58,28,11.909,83.97
1397,46.613,24,15.101,66.22
1398,46.647,26,4.42,226.25
1399,46.68,25,3.114,321.08
1400,46.713,23,16.549,60.43
1401,46.747,23,6.054,165.18
1402,46.78,26,3.362,297.43
1403,46.813,23,13.425,74.49
1404,46.847,30,8.345,119.83
1405,46.88,26,3.524,283.74
1406,46.914,23,13.355,74.88
1407,46.947,27,0.0,0
1408,46.98,25,2.75,363.68
1409,47.014,26,15.838,63.14
1410,47.047,22,6.553,152.6
1411,47.08,24,4.202,237.99
1412,47.114,25,13.804,72.44
1413,47.147,21,9.307,107.45
1414,47.18,20,4.778,209.31
1415,47.214,22,12.667,78.95
1416,47.247,23,9.149,109.3
1417,47.281,21,2.232,448.11
1418,47.314,20,12.787,78.2
1419,47.347,22,8.792,113.74
1420,47.381,18,3.533,283.02
1421,47.414,16,12.885,77.61
1422,47.447,20,8.557,116.87
1423,47.481,20,3.806,262.75
1424,47.514,14,12.99,76.98
1425,47.547,10,8.441,118.46
1426,47.581,10,2.62,381.75
1427,47.614,13,12.538,79.76
1428,47.648,17,6.016,166.22
1429,47.681,17,11.859,84.32
1430,47.714,26,8.986,111.29
1431,47.748,24,2.548,392.39
1432,47.781,22,12.921,77.4
1433,47.814,21,8.961,111.6
1434,47.848,20,4.233,236.25
1435,47.881,23,12.678,78.87
1436,47.915,22,5.971,167.48
1437,47.948,23,3.738,267.55
1438,47.981,24,13.37,74.8
1439,48.015,20,7.392,135.29
1440,48.048,17,7.612,131.37
1441,48.081,17,9.837,101.65
1442,48.115,16,5.992,166.88
1443,48.148,15,12.267,81.52
1444,48.181,18,8.518,117.39
1445,48.215,18,4.153,240.82
1446,48.248,14,12.887,77.6
1447,48.282,20,7.405,135.05
1448,48.315,18,2.506,399.04
1449,48.348,17,15.079,66.32
1450,48.382,16,4.328,231.05
1451,48.415,18,12.129,82.45
1452,48.448,17,9.699,103.1
1453,48.482,17,5.831,171.48
1454,48.515,18,12.445,80.35
1455,48.549,19,9.038,110.64
1456,48.582,17,2.082,480.39
1457,48.615,20,12.615,79.27
1458,48.649,21,8.105,123.38
1459,48.682,18,5.906,169.32
1460,48.715,17,6.434,155.43
1461,48.749,18,6.7,149.25
1462,48.782,20,11.254,88.86
1463,48.815,21,10.247,97.59
1464,48.849,20,5.279,189.44
1465,48.882,17,12.265,81.53
1466,48.916,14,12.64,79.11
1467,48.949,17,3.773,265.03
1468,48.982,18,12.916,77.42
1469,49.016,16,7.45,134.23
1470,49.049,16,6.966,143.56
1471,49.082,13,6.409,156.03
1472,49.116,14,5.503,181.73
1473,49.149,11,4.24,235.86
1474,49.182,14,0.0,0
1475,49.216,14,0.0,0
1476,49.249,20,16.402,60.97
1477,49.283,17,0.0,0
1478,49.316,15,1.729,578.52
1479,49.349,14,15.701,63.69
1480,49.383,18,0.0,0
1481,49.416,20,16.036,62.36
1482,49.449,18,0.0,0
1483,49.483,16,0.0,0
1484,49.516,18,17.786,56.22
1485,49.55,18,0.0,0
1486,49.583,19,0.0,0
1487,49.616,19,17.387,57.52
1488,49.65,21,0.0,0
1489,49.683,25,1.742,574.17
1490,49.716,22,14.004,71.41
1491,49.75,19,0.0,0
1492,49.783,20,0.0,0
1493,49.816,21,19.411,51.52
1494,49.85,20,0.0,0
1495,49.883,23,0.0,0
1496,49.917,24,17.775,56.26
1497,49.95,19,0.0,0
1498,49.983,20,0.0,0
1499,50.017,18,18.062,55.36
1500,50.05,19,0.0,0
1501,50.083,16,5.434,184.02
1502,50.117,17,12.29,81.37
1503,50.15,17,0.0,0
1504,50.183,17,19.615,50.98
1505,50.217,18,0.0,0
1506,50.25,16,0.0,0
1507,50.284,19,20.407,49.0
1508,50.317,21,0.0,0
1509,50.35,17,0.0,0
1510,50.384,17,14.748,67.8
1511,50.417,17,0.0,0
1512,50.45,17,0.0,0
1513,50.484,19,17.021,58.75
1514,50.517,19,0.0,0
1515,50.55,20,4.825,207.24
1516,50.584,18,13.051,76.63
1517,50.617,17,0.0,0
1518,50.651,19,1.675,596.97
1519,50.684,22,16.123,62.02
1520,50.717,16,0.0,0
1521,50.751,18,2.003,499.14
1522,50.784,19,15.659,63.86
1523,50.817,20,0.0,0
1524,50.851,19,20.123,49.69
1525,50.884,19,12.206,81.93
1526,50.918,21,0.0,0
1527,50.951,19,21.108,47.38
1528,50.984,18,10.221,97.83
1529,51.018,16,0.0,0
1530,51.051,16,18.959,52.75
1531,51.084,15,0.0,0
1532,51.118,14,0.0,0
1533,51.151,15,16.281,61.42
1534,51.184,14,0.0,0
1535,51.218,18,4.08,245.12
1536,51.251,17,13.689,73.05
1537,51.285,14,0.0,0
1538,51.318,16,19.884,50.29
1539,51.351,16,11.006,90.86
1540,51.385,14,0.0,0
1541,51.418,19,19.486,51.32
1542,51.451,16,0.0,0
1543,51.485,19,0.0,0
1544,51.518,18,19.301,51.81
1545,51.552,20,0.0,0
1546,51.585,20,1.661,602.2
1547,51.618,19,17.745,56.35
1548,51.652,24,10.753,93.0
1549,51.685,21,0.0,0
1550,51.718,19,19.906,50.24
1551,51.752,17,11.488,87.05
1552,51.785,17,0.0,0
1553,51.818,17,19.568,51.1
1554,51.852,16,0.0,0
1555,51.885,17,0.0,0
1556,51.919,12,17.276,57.88
1557,51.952,13,0.0,0
1558,51.985,17,0.0,0
1559,52.019,16,18.36,54.47
1560,52.052,17,7.0,142.85
1561,52.085,17,0.0,0
1562,52.119,13,15.005,66.64
1563,52.152,11,15.815,63.23
1564,52.185,16,0.0,0
1565,52.219,12,7.47,133.87
1566,52.252,12,10.036,99.64
1567,52.286,13,0.0,0
1568,52.319,12,20.706,48.3
1569,52.352,16,9.754,102.52
1570,52.386,16,0.0,0
1571,52.419,18,20.029,49.93
1572,52.452,17,0.0,0
1573,52.486,14,0.0,0
1574,52.519,16,17.35,57.64
1575,52.553,16,0.0,0
1576,52.586,16,0.0,0
1577,52.619,14,17.594,56.84
1578,52.653,12,0.0,0
1579,52.686,11,13.036,76.71
1580,52.719,14,15.924,62.8
1581,52.753,14,0.0,0
1582,52.786,9,21.163,47.25
1583,52.819,9,4.509,221.77
1584,52.853,9,0.0,0
1585,52.886,11,18.23,54.85
1586,52.92,11,2.882,347.01
1587,52.953,12,0.0,0
1588,52.986,12,17.139,58.35
1589,53.02,15,0.0,0
1590,53.053,15,17.74,56.37
1591,53.086,14,0.0,0
1592,53.12,14,0.0,0
1593,53.153,14,15.877,62.99
1594,53.186,15,0.0,0
1595,53.22,12,3.531,283.21
1596,53.253,14,13.326,75.04
1597,53.287,13,0.0,0
1598,53.32,13,6.267,159.56
1599,53.353,11,11.521,86.8
1600,53.387,11,2.015,496.31
1601,53.42,14,5.225,191.37
1602,53.453,13,0.0,0
1603,53.487,12,0.0,0
1604,53.52,14,16.023,62.41
1605,53.553,14,0.0,0
1606,53.587,14,3.938,253.92
1607,53.62,14,12.554,79.66
1608,53.654,11,0.0,0
1609,53.687,11,14.873,67.24
1610,53.72,10,0.0,0
1611,53.754,12,8.929,111.99
1612,53.787,13,9.343,107.04
1613,53.82,14,10.653,93.87
1614,53.854,16,6.325,158.09
1615,53.887,17,2.002,499.44
1616,53.921,16,14.043,71.21
1617,53.954,22,8.947,111.77
1618,53.987,17,0.0,0
1619,54.021,16,3.703,270.04
1620,54.054,16,12.216,81.86
1621,54.087,19,0.0,0
1622,54.121,16,5.67,176.36
1623,54.154,17,0.0,0
1624,54.187,12,0.0,0
1625,54.221,12,17.062,58.61
1626,54.254,15,0.0,0
1627,54.288,12,0.0,0
1628,54.321,16,17.341,57.67
1629,54.354,17,0.0,0
1630,54.388,13,0.0,0
1631,54.421,14,19.151,52.22
1632,54.454,13,0.0,0
1633,54.488,15,0.0,0
1634,54.521,17,16.374,61.07
1635,54.555,16,0.0,0
1636,54.588,15,19.075,52.42
1637,54.621,16,0.0,0
1638,54.655,16,0.0,0
1639,54.688,17,18.564,53.87
1640,54.721,18,0.0,0
1641,54.755,17,0.0,0
1642,54.788,17,18.511,54.02
1643,54.821,16,0.0,0
1644,54.855,17,0.0,0
1645,54.888,16,15.703,63.68
1646,54.922,14,0.0,0
1647,54.955,14,4.144,241.29
1648,54.988,13,10.771,92.84
1649,55.022,13,15.532,64.38
1650,55.055,17,7.513,133.1
1651,55.088,15,5.275,189.59
1652,55.122,13,13.693,73.03
1653,55.155,11,8.91,112.24
1654,55.188,11,2.148,465.62
1655,55.222,12,13.665,73.18
1656,55.255,14,5.842,171.18
1657,55.289,13,5.771,173.29
1658,55.322,15,12.872,77.69
1659,55.355,16,0.0,0
1660,55.389,17,21.062,47.48
1661,55.422,18,12.321,81.16
1662,55.455,15,0.0,0
1663,55.489,18,3.785,264.19
1664,55.522,19,14.666,68.19
1665,55.556,14,0.0,0
1666,55.589,15,20.875,47.9
1667,55.622,14,11.192,89.35
1668,55.656,17,7.665,130.46
1669,55.689,12,8.061,124.06
1670,55.722,19,12.458,80.27
1671,55.756,16,0.0,0
1672,55.789,16,15.479,64.6
1673,55.822,17,0.0,0
1674,55.856,16,2.954,338.52
1675,55.889,17,14.219,70.33
1676,55.923,18,0.0,0
1677,55.956,17,0.0,0
1678,55.989,15,15.756,63.47
1679,56.023,15,0.0,0
1680,56.056,16,8.005,124.93
1681,56.089,15,10.245,97.61
1682,56.123,16,0.0,0
1683,56.156,16,20.439,48.93
1684,56.189,15,0.0,0
1685,56.223,14,0.0,0
1686,56.256,14,15.873,63.0
1687,56.29,15,0.0,0
1688,56.323,13,0.0,0
1689,56.356,13,15.926,62.79
1690,56.39,11,0.0,0
1691,56.423,15,21.016,47.58
1692,56.456,11,0.0,0
1693,56.49,12,15.68,63.78
1694,56.523,13,0.0,0
1695,56.556,12,4.14,241.55
1696,56.59,13,8.544,117.04
1697,56.623,13,0.0,0
1698,56.657,14,0.0,0
1699,56.69,18,17.056,58.63
1700,56.723,14,0.0,0
1701,56.757,14,20.349,49.14
1702,56.79,14,0.0,0
1703,56.823,14,15.785,63.35
1704,56.857,14,12.21,81.9
1705,56.89,15,0.0,0
1706,56.924,14,0.0,0
1707,56.957,13,16.785,59.58
1708,56.99,12,0.0,0
1709,57.024,10,16.153,61.91
1710,57.057,12,0.0,0
1711,57.09,11,2.813,355.48
1712,57.124,10,0.0,0
1713,57.157,11,0.0,0
1714,57.19,10,15.72,63.61
1715,57.224,8,0.0,0
1716,57.257,10,2.984,335.17
1717,57.291,8,0.0,0
1718,57.324,11,0.0,0
1719,57.357,12,15.762,63.45
1720,57.391,14,0.0,0
1721,57.424,15,5.065,197.42
1722,57.457,13,11.153,89.66
1723,57.491,11,0.0,0
1724,57.524,14,20.228,49.44
1725,57.558,14,11.352,88.09
1726,57.591,15,0.0,0
1727,57.624,14,20.053,49.87
1728,57.658,14,0.0,0
1729,57.691,16,0.0,0
1730,57.724,16,17.718,56.44
1731,57.758,13,0.0,0
1732,57.791,14,2.13,469.58
1733,57.824,12,15.428,64.82
1734,57.858,12,0.0,0
1735,57.891,13,1.015,984.81
1736,57.925,14,15.044,66.47
1737,57.958,15,0.0,0
1738,57.991,16,7.005,142.75
1739,58.025,15,10.624,94.13
1740,58.058,14,0.0,0
1741,58.091,13,21.255,47.05
1742,58.125,13,10.093,99.08
1743,58.158,12,0.0,0
1744,58.191,9,20.837,47.99
1745,58.225,9,0.0,0
1746,58.258,9,0.0,0
1747,58.292,10,19.011,52.6
1748,58.325,11,0.0,0
1749,58.358,11,0.0,0
1750,58.392,8,17.865,55.98
1751,58.425,8,0.0,0
1752,58.458,12,1.478,676.72
1753,58.492,11,15.559,64.27
1754,58.525,8,0.0,0
1755,58.559,10,20.774,48.14
1756,58.592,12,10.37,96.43
1757,58.625,10,0.0,0
1758,58.659,8,19.603,51.01
1759,58.692,8,0.0,0
1760,58.725,10,0.0,0
1761,58.759,8,18.449,54.2
1762,58.792,11,0.0,0
1763,58.825,12,0.0,0
1764,58.859,11,16.849,59.35
1765,58.892,11,0.0,0
1766,58.926,11,4.487,222.89
1767,58.959,10,12.196,81.99
1768,58.992,10,0.0,0
1769,59.026,14,17.721,56.43
1770,59.059,11,0.0,0
1771,59.092,13,0.0,0
1772,59.126,14,20.308,49.24
1773,59.159,13,0.0,0
1774,59.192,13,0.0,0
1775,59.226,10,16.804,59.51
1776,59.259,11,0.0,0
1777,59.293,12,4.625,216.22
1778,59.326,10,12.066,82.88
1779,59.359,11,0.0,0
1780,59.393,10,20.909,47.83
1781,59.426,10,0.0,0
1782,59.459,11,0.0,0
1783,59.493,10,15.964,62.64
1784,59.526,9,1.54,649.47
1785,59.559,12,10.04,99.6
1786,59.593,10,0.0,0
1787,59.626,11,0.0,0
1788,59.66,10,15.697,63.71
1789,59.693,12,0.0,0
1790,59.726,13,0.0,0
1791,59.76,15,18.017,55.5
1792,59.793,13,0.0,0
1793,59.826,14,15.674,63.8
1794,59.86,14,0.0,0
1795,59.893,12,0.0,0
1796,59.927,12,14.648,68.27
1797,59.96,15,0.0,0
1798,59.993,13,16.102,62.1
1799,60.027,14,15.802,63.28
1800,60.06,14,0.0,0
1801,60.093,14,17.999,55.56
1802,60.127,13,0.0,0
1803,60.16,18,0.0,0
1804,60.193,13,17.159,58.28
1805,60.227,15,0.0,0
1806,60.26,16,8.179,122.27
1807,60.294,16,10.921,91.56
1808,60.327,15,0.0,0
1809,60.36,12,8.06,124.07
1810,60.394,14,5.641,177.27
1811,60.427,10,5.474,182.67
1812,60.46,9,8.909,112.25
1813,60.494,8,5.479,182.5
1814,60.527,9,4.439,225.29
1815,60.56,8,14.227,70.29
1816,60.594,10,5.894,169.67
1817,60.627,8,4.007,249.57
1818,60.661,9,13.288,75.26
1819,60.694,11,0.0,0
1820,60.727,9,20.03,49.92
1821,60.761,10,0.0,0
1822,60.794,9,0.0,0
1823,60.827,10,17.582,56.88
1824,60.861,10,0.0,0
1825,60.894,9,1.122,891.27
1826,60.928,10,15.609,64.07
1827,60.961,9,4.433,225.56
1828,60.994,9,11.856,84.35
1829,61.028,11,0.0,0
1830,61.061,12,0.676,1479.47
1831,61.094,11,15.769,63.42
1832,61.128,11,0.0,0
1833,61.161,14,6.129,163.16
1834,61.194,15,12.806,78.09
1835,61.228,15,0.0,0
1836,61.261,13,20.579,48.59
1837,61.295,16,11.425,87.53
1838,61.328,14,0.0,0
1839,61.361,12,19.623,50.96
1840,61.395,15,0.0,0
1841,61.428,15,0.0,0
1842,61.461,16,17.685,56.54
1843,61.495,16,0.0,0
1844,61.528,16,4.671,214.08
1845,61.562,15,12.964,77.14
1846,61.595,15,0.0,0
1847,61.628,16,19.403,51.54
1848,61.662,15,0.0,0
1849,61.695,14,0.0,0
1850,61.728,12,17.996,55.57
1851,61.762,17,0.0,0
1852,61.795,13,1.116,896.41
1853,61.828,13,14.63,68.35
1854,61.862,16,0.0,0
1855,61.895,15,15.265,65.51
1856,61.929,14,0.0,0
1857,61.962,12,0.0,0
1858,61.995,12,15.66,63.86
1859,62.029,11,0.0,0
1860,62.062,11,15.764,63.44
1861,62.095,11,0.0,0
1862,62.129,10,3.564,280.56
1863,62.162,8,12.043,83.04
1864,62.195,8,0.0,0
1865,62.229,10,16.612,60.2
1866,62.262,10,0.0,0
1867,62.296,10,3.799,263.23
1868,62.329,9,12.844,77.86
1869,62.362,8,0.0,0
1870,62.396,9,18.197,54.95
1871,62.429,6,0.0,0
1872,62.462,9,2.175,459.8
1873,62.496,10,13.463,74.28
1874,62.529,10,0.0,0
1875,62.562,10,18.086,55.29
1876,62.596,10,0.0,0
1877,62.629,10,0.0,0
1878,62.663,10,5.929,168.68
1879,62.696,11,0.0,0
1880,62.729,11,20.045,49.89
1881,62.763,11,0.0,0
1882,62.796,9,15.537,64.36
1883,62.829,9,15.125,66.12
1884,62.863,11,0.0,0
1885,62.896,13,5.525,180.98
1886,62.93,12,12.031,83.12
1887,62.963,12,0.0,0
1888,62.996,13,19.307,51.79
1889,63.03,11,0.0,0
1890,63.063,12,0.0,0
1891,63.096,13,17.877,55.94
1892,63.13,10,0.0,0
1893,63.163,11,3.408,293.43
1894,63.196,12,13.164,75.97
1895,63.23,11,0.0,0
1896,63.263,11,19.122,52.29
1897,63.297,12,0.0,0
1898,63.33,11,2.934,340.81
1899,63.363,14,13.042,76.68
1900,63.397,13,0.0,0
1901,63.43,16,15.752,63.48
1902,63.463,12,0.0,0
1903,63.497,12,0.0,0
1904,63.53,11,15.715,63.63
1905,63.563,10,8.38,119.33
1906,63.597,9,0.0,0
1907,63.63,9,15.595,64.12
1908,63.664,11,0.0,0
1909,63.697,11,0.0,0
1910,63.73,11,16.099,62.11
1911,63.764,9,0.0,0
1912,63.797,9,0.0,0
1913,63.83,9,15.78,63.37
1914,63.864,10,0.0,0
1915,63.897,10,18.107,55.23
1916,63.931,10,0.0,0
1917,63.964,10,0.0,0
1918,63.997,9,15.872,63.0
1919,64.031,11,0.0,0
1920,64.064,11,16.154,61.91
1921,64.097,11,0.0,0
1922,64.131,9,0.0,0
1923,64.164,9,18.163,55.06
1924,64.197,10,0.0,0
1925,64.231,9,0.0,0
1926,64.264,9,15.842,63.12
1927,64.298,8,0.0,0
1928,64.331,8,15.566,64.24
1929,64.364,9,0.0,0
1930,64.398,7,0.0,0
1931,64.431,6,16.039,62.35
1932,64.464,8,0.0,0
1933,64.498,9,15.682,63.77
1934,64.531,8,0.0,0
1935,64.564,7,0.0,0
1936,64.598,8,16.056,62.28
1937,64.631,7,0.0,0
1938,64.665,8,15.591,64.14
1939,64.698,7,0.0,0
1940,64.731,9,0.0,0
1941,64.765,8,15.419,64.85
1942,64.798,8,0.0,0
1943,64.831,9,15.978,62.59
1944,64.865,9,0.0,0
1945,64.898,8,5.878,170.12
1946,64.932,9,9.845,101.58
1947,64.965,8,0.0,0
1948,64.998,7,19.588,51.05
1949,65.032,8,0.0,0
1950,65.065,7,15.802,63.28
1951,65.098,7,0.0,0
1952,65.132,7,0.0,0
1953,65.165,7,18.872,52.99
1954,65.198,7,0.0,0
1955,65.232,6,20.097,49.76
1956,65.265,8,0.0,0
1957,65.299,8,0.0,0
1958,65.332,8,16.853,59.34
1959,65.365,8,0.0,0
1960,65.399,10,18.645,53.63
1961,65.432,8,0.0,0
1962,65.465,9,0.0,0
1963,65.499,9,15.783,63.36
1964,65.532,9,0.0,0
1965,65.566,10,20.047,49.88
1966,65.599,10,0.0,0
1967,65.632,9,0.0,0
1968,65.666,8,5.438,183.89
1969,65.699,8,0.0,0
1970,65.732,9,5.975,167.38
1971,65.766,9,10.965,91.2
1972,65.799,9,0.0,0
1973,65.832,10,18.778,53.25
1974,65.866,11,0.0,0
1975,65.899,11,0.0,0
1976,65.933,9,17.068,58.59
1977,65.966,11,0.0,0
1978,65.999,12,7.252,137.88
1979,66.033,12,10.644,93.95
1980,66.066,12,0.0,0
1981,66.099,10,19.662,50.86
1982,66.133,12,0.0,0
1983,66.166,14,0.0,0
1984,66.199,11,17.686,56.54
1985,66.233,9,0.0,0
1986,66.266,8,6.047,165.38
1987,66.3,10,11.121,89.92
1988,66.333,9,0.0,0
1989,66.366,11,18.711,53.44
1990,66.4,11,0.0,0
1991,66.433,8,0.0,0
1992,66.466,10,15.987,62.55
1993,66.5,12,0.0,0
1994,66.533,8,0.0,0
1995,66.567,9,0.0,0
1996,66.6,11,0.0,0
1997,66.633,12,19.88,50.3
1998,66.667,9,0.0,0
1999,66.7,11,15.309,65.32
2000,66.733,9,0.0,0
2001,66.767,12,0.0,0
2002,66.8,10,15.641,63.93
2003,66.833,10,0.0,0
2004,66.867,11,19.876,50.31
2005,66.9,12,0.0,0
2006,66.934,12,0.0,0
2007,66.967,13,20.874,47.91
2008,67.0,11,0.0,0
2009,67.034,12,15.898,62.9
2010,67.067,15,0.0,0
2011,67.1,14,0.0,0
2012,67.134,16,19.46,51.39
2013,67.167,14,0.0,0
2014,67.2,15,0.0,0
2015,67.234,14,19.296,51.82
2016,67.267,13,0.0,0
2017,67.301,16,0.0,0
2018,67.334,14,19.109,52.33
2019,67.367,14,0.0,0
2020,67.401,11,0.0,0
2021,67.434,13,16.558,60.39
2022,67.467,15,0.0,0
2023,67.501,14,2.037,490.91
2024,67.534,12,15.856,63.07
2025,67.567,11,0.0,0
2026,67.601,11,20.779,48.13
2027,67.634,13,11.488,87.05
2028,67.668,12,0.0,0
2029,67.701,12,15.758,63.46
2030,67.734,13,0.0,0
2031,67.768,14,0.0,0
2032,67.801,14,18.461,54.17
2033,67.834,11,0.0,0
2034,67.868,13,0.0,0
2035,67.901,10,15.763,63.44
2036,67.935,12,0.0,0
2037,67.968,12,6.323,158.16
2038,68.001,14,0.0,0
2039,68.035,12,16.117,62.04
2040,68.068,12,15.727,63.58
2041,68.101,17,0.0,0
2042,68.135,15,0.0,0
2043,68.168,13,16.122,62.03
2044,68.201,14,0.0,0
2045,68.235,14,0.0,0
2046,68.268,13,18.956,52.75
2047,68.302,14,0.0,0
2048,68.335,13,19.642,50.91
2049,68.368,14,9.464,105.67
2050,68.402,11,0.0,0
2051,68.435,13,16.557,60.4
2052,68.468,13,4.156,240.6
2053,68.502,15,2.988,334.69
2054,68.535,13,14.076,71.04
2055,68.569,12,0.0,0
2056,68.602,13,3.952,253.07
2057,68.635,14,14.857,67.31
2058,68.669,10,0.0,0
2059,68.702,12,7.435,134.49
2060,68.735,9,10.436,95.83
2061,68.769,14,5.998,166.71
2062,68.802,13,6.248,160.06
2063,68.835,13,12.19,82.03
2064,68.869,14,6.507,153.69
2065,68.902,13,6.367,157.07
2066,68.936,13,7.995,125.08
2067,68.969,13,7.004,142.78
2068,69.002,13,0.0,0
2069,69.036,16,7.002,142.82
2070,69.069,15,9.167,109.09
2071,69.102,15,10.892,91.81
2072,69.136,12,11.533,86.71
2073,69.169,15,0.0,0
2074,69.202,15,7.093,140.98
2075,69.236,11,3.925,254.8
2076,69.269,14,14.262,70.12
2077,69.303,15,6.0,166.68
2078,69.336,11,7.549,132.48
2079,69.369,12,7.231,138.3
2080,69.403,11,6.999,142.89
2081,69.436,10,8.0,125.0
2082,69.469,11,1.705,586.45
2083,69.503,12,16.378,61.06
2084,69.536,11,6.004,166.55
2085,69.57,19,6.958,143.73
2086,69.603,19,4.736,211.13
2087,69.636,17,0.0,0
2088,69.67,14,0.0,0
2089,69.703,13,8.387,119.23
2090,69.736,15,6.995,142.96
2091,69.77,16,0.0,0
2092,69.803,20,6.346,157.58
2093,69.836,18,16.25,61.54
2094,69.87,21,7.361,135.84
2095,69.903,14,8.041,124.36
2096,69.937,22,5.431,184.12
2097,69.97,21,7.993,125.11
2098,70.003,18,10.386,96.29
2099,70.037,22,8.787,113.81
2100,70.07,17,6.025,165.99
2101,70.103,15,6.999,142.87
2102,70.137,15,6.002,166.61
2103,70.17,18,6.999,142.88
2104,70.203,18,0.995,1005.35
2105,70.237,22,15.692,63.72
2106,70.27,15,0.0,0
2107,70.304,14,17.616,56.77
2108,70.337,16,0.0,0
2109,70.37,18,0.0,0
2110,70.404,17,22.368,44.71
2111,70.437,17,6.006,166.51
2112,70.47,19,4.419,226.32
2113,70.504,15,14.544,68.76
2114,70.537,17,6.004,166.56
2115,70.57,12,6.006,166.49
2116,70.604,14,7.07,141.45
2117,70.637,12,6.007,166.47
2118,70.671,13,0.0,0
2119,70.704,15,17.624,56.74
2120,70.737,12,6.004,166.55
2121,70.771,10,6.145,162.72
2122,70.804,14,6.642,150.55
2123,70.837,15,0.0,0
2124,70.871,10,0.0,0
2125,70.904,9,0.0,0
2126,70.938,12,2.74,365.01
2127,70.971,11,9.298,107.55
2128,71.004,12,0.0,0
2129,71.038,11,0.0,0
2130,71.071,12,16.784,59.58
2131,71.104,12,4.998,200.06
2132,71.138,16,6.579,152.0
2133,71.171,12,0.0,0
2134,71.204,17,15.083,66.3
2135,71.238,15,0.0,0
2136,71.271,18,0.0,0
2137,71.305,18,15.685,63.75
2138,71.338,16,0.0,0
2139,71.371,15,0.0,0
2140,71.405,13,15.734,63.55
2141,71.438,12,0.0,0
2142,71.471,11,20.234,49.42
2143,71.505,13,5.995,166.8
2144,71.538,11,4.721,211.83
2145,71.572,12,0.0,0
2146,71.605,13,19.622,50.96
2147,71.638,12,0.0,0
2148,71.672,14,3.818,261.9
2149,71.705,10,0.0,0
2150,71.738,9,0.0,0
2151,71.772,9,19.247,51.96
2152,71.805,8,0.0,0
2153,71.838,9,16.044,62.33
2154,71.872,9,0.0,0
2155,71.905,9,6.318,158.28
2156,71.939,9,7.463,134.0
2157,71.972,9,0.0,0
2158,72.005,7,18.539,53.94
2159,72.039,8,0.0,0
2160,72.072,9,0.0,0
2161,72.105,8,17.336,57.68
2162,72.139,7,0.0,0
2163,72.172,8,19.238,51.98
2164,72.205,7,0.0,0
2165,72.239,8,0.0,0
2166,72.272,8,16.999,58.83
2167,72.306,7,0.0,0
2168,72.339,5,3.583,279.1
2169,72.372,6,12.971,77.09
2170,72.406,9,0.0,0
2171,72.439,6,19.464,51.38
2172,72.472,5,0.0,0
2173,72.506,6,0.0,0
2174,72.539,7,16.883,59.23
2175,72.573,6,0.0,0
2176,72.606,7,18.577,53.83
2177,72.639,7,4.422,226.14
2178,72.673,11,0.0,0
2179,72.706,7,17.201,58.14
2180,72.739,5,0.0,0
2181,72.773,4,15.417,64.87
2182,72.806,6,0.0,0
2183,72.839,7,0.0,0
2184,72.873,5,16.532,60.49
2185,72.906,7,0.0,0
2186,72.94,11,0.0,0
2187,72.973,13,16.28,61.43
2188,73.006,10,0.0,0
2189,73.04,8,18.711,53.44
2190,73.073,11,0.0,0
2191,73.106,14,0.0,0
2192,73.14,13,16.988,58.86
2193,73.173,14,0.0,0
2194,73.206,14,1.841,543.16
2195,73.24,12,14.745,67.82
2196,73.273,11,0.0,0
2197,73.307,14,15.571,64.22
2198,73.34,13,0.0,0
2199,73.373,15,0.332,3010.99
2200,73.407,14,16.253,61.53
2201,73.44,15,0.0,0
2202,73.473,17,0.0,0
2203,73.507,21,16.42,60.9
2204,73.54,16,0.0,0
2205,73.573,18,18.501,54.05
2206,73.607,15,0.0,0
2207,73.64,15,0.0,0
2208,73.674,12,17.925,55.79
2209,73.707,15,0.0,0
2210,73.74,13,0.0,0
2211,73.774,14,16.711,59.84
2212,73.807,12,0.0,0
2213,73.84,8,2.708,369.31
2214,73.874,9,12.854,77.8
2215,73.907,11,0.0,0
2216,73.941,14,19.684,50.8
2217,73.974,16,7.323,136.55
2218,74.007,15,7.379,135.52
2219,74.041,14,0.0,0
2220,74.074,14,22.589,44.27
2221,74.107,13,0.0,0
2222,74.141,12,7.853,127.34
2223,74.174,10,7.998,125.04
2224,74.207,13,1.853,539.67
2225,74.241,14,20.471,48.85
2226,74.274,11,7.0,142.85
2227,74.308,13,0.0,0
2228,74.341,14,7.0,142.85
2229,74.374,14,6.999,142.88
2230,74.408,12,8.178,122.29
2231,74.441,12,7.546,132.53
2232,74.474,13,0.0,0
2233,74.508,14,7.003,142.8
2234,74.541,13,8.0,125.0
2235,74.575,13,10.353,96.59
2236,74.608,15,9.0,111.12
2237,74.641,14,10.0,100.0
2238,74.675,12,9.375,106.67
2239,74.708,14,12.177,82.12
2240,74.741,12,9.003,111.07
2241,74.775,14,6.992,143.02
2242,74.808,15,5.999,166.69
2243,74.841,11,7.998,125.03
2244,74.875,15,7.864,127.16
2245,74.908,19,6.701,149.23
2246,74.942,17,15.872,63.0
2247,74.975,12,9.071,110.24
2248,75.008,11,7.001,142.83
2249,75.042,13,0.0,0
2250,75.075,15,5.592,178.82
2251,75.108,16,1.499,667.03
2252,75.142,15,21.028,47.56
2253,75.175,14,6.473,154.49
2254,75.208,18,9.411,106.25
2255,75.242,18,8.998,111.13
2256,75.275,18,8.003,124.95
2257,75.309,18,7.999,125.01
2258,75.342,18,7.641,130.88
2259,75.375,18,10.009,99.91
2260,75.409,15,9.38,106.61
2261,75.442,18,15.478,64.61
2262,75.475,15,9.044,110.57
2263,75.509,20,9.785,102.19
2264,75.542,18,9.253,108.07
2265,75.576,20,8.362,119.59
2266,75.609,20,8.308,120.36
2267,75.642,15,13.445,74.38
2268,75.676,16,13.467,74.25
2269,75.709,14,7.895,126.66
2270,75.742,14,5.636,177.42
2271,75.776,16,7.224,138.42
2272,75.809,12,8.353,119.72
2273,75.842,14,11.224,89.09
2274,75.876,14,13.239,75.53
2275,75.909,3,9.701,103.09
2276,75.943,5,6.356,157.33
2277,75.976,9,10.165,98.38
2278,76.009,9,14.648,68.27
2279,76.043,9,8.052,124.19
2280,76.076,7,0.0,0
2281,76.109,9,2.034,491.6
2282,76.143,7,17.818,56.12
2283,76.176,7,0.0,0
2284,76.209,8,0.0,0
2285,76.243,7,0.0,0
2286,76.276,7,9.01,110.99
2287,76.31,8,8.518,117.4
2288,76.343,7,7.71,129.71
2289,76.376,8,15.072,66.35
2290,76.41,10,5.8,172.42
2291,76.443,7,6.68,149.71
2292,76.476,7,5.932,168.57
2293,76.51,8,16.871,59.27
2294,76.543,10,12.288,81.38
2295,76.576,9,11.988,83.42
2296,76.61,7,5.096,196.22
2297,76.643,7,5.968,167.57
2298,76.677,7,13.918,71.85
2299,76.71,6,0.0,0
2300,76.743,6,7.654,130.65
2301,76.777,7,8.206,121.86
2302,76.81,6,0.0,0
2303,76.843,6,0.0,0
2304,76.877,5,6.744,148.28
2305,76.91,6,6.386,156.59
2306,76.944,5,6.997,142.91
2307,76.977,6,4.246,235.52
2308,77.01,6,13.64,73.31
2309,77.044,8,6.006,166.49
2310,77.077,7,5.538,180.59
2311,77.11,7,5.998,166.72
2312,77.144,7,0.0,0
2313,77.177,7,7.088,141.08
2314,77.21,8,6.879,145.37
2315,77.244,9,7.132,140.21
2316,77.277,10,0.0,0
2317,77.311,9,7.196,138.96
2318,77.344,10,7.728,129.4
2319,77.377,9,6.002,166.6
2320,77.411,8,9.23,108.34
2321,77.444,10,9.916,100.85
2322,77.477,9,7.634,130.99
2323,77.511,11,0.0,0
2324,77.544,13,8.541,117.08
2325,77.578,11,12.702,78.72
2326,77.611,11,6.152,162.56
2327,77.644,9,6.004,166.56
2328,77.678,10,6.151,162.58
2329,77.711,10,13.112,76.27
2330,77.744,11,7.001,142.83
2331,77.778,10,7.192,139.04
2332,77.811,11,7.217,138.55
2333,77.844,13,12.839,77.89
2334,77.878,14,7.001,142.84
2335,77.911,13,7.013,142.59
2336,77.945,14,3.663,273.0
2337,77.978,13,16.43,60.87
2338,78.011,10,0.0,0
2339,78.045,8,6.006,166.51
2340,78.078,8,6.093,164.12
2341,78.111,6,0.0,0
2342,78.145,8,7.004,142.78
2343,78.178,8,10.299,97.09
2344,78.211,9,7.941,125.93
2345,78.245,8,7.468,133.9
2346,78.278,8,5.316,188.13
2347,78.312,8,8.017,124.73
2348,78.345,8,9.134,109.49
2349,78.378,9,6.552,152.62
2350,78.412,12,0.0,0
2351,78.445,11,8.002,124.97
2352,78.478,11,7.47,133.87
2353,78.512,15,5.838,171.3
2354,78.545,15,15.426,64.82
2355,78.579,15,0.0,0
2356,78.612,13,0.0,0
2357,78.645,12,0.0,0
2358,78.679,12,22.536,44.37
2359,78.712,13,15.192,65.82
2360,78.745,11,8.327,120.09
2361,78.779,11,7.208,138.73
2362,78.812,17,6.988,143.11
2363,78.845,17,9.002,111.08
2364,78.879,17,8.998,111.14
2365,78.912,14,8.006,124.9
2366,78.946,14,9.308,107.44
2367,78.979,16,10.066,99.34
2368,79.012,15,7.026,142.32
2369,79.046,20,5.567,179.63
2370,79.079,17,8.995,111.18
2371,79.112,18,8.01,124.85
2372,79.146,18,10.118,98.83
2373,79.179,16,7.524,132.9
2374,79.212,17,7.462,134.02
2375,79.246,13,4.856,205.92
2376,79.279,13,8.991,111.22
2377,79.313,15,8.004,124.93
2378,79.346,17,10.887,91.86
2379,79.379,18,9.369,106.73
2380,79.413,19,0.0,0
2381,79.446,16,4.217,237.14
2382,79.479,19,7.996,125.06
2383,79.513,20,12.9,77.52
2384,79.546,14,10.072,99.28
2385,79.579,14,0.0,0
2386,79.613,14,4.935,202.63
2387,79.646,13,8.005,124.92
2388,79.68,15,11.427,87.51
2389,79.713,15,8.505,117.57
2390,79.746,15,0.651,1536.94
2391,79.78,13,5.841,171.21
2392,79.813,14,7.017,142.52
2393,79.846,13,8.434,118.57
2394,79.88,12,0.0,0
2395,79.913,12,6.999,142.87
2396,79.947,5,8.001,124.98
2397,79.98,9,10.63,94.07
2398,80.013,11,6.48,154.31
2399,80.047,11,4.854,206.01
2400,80.08,15,7.002,142.82
2401,80.113,14,7.997,125.04
2402,80.147,14,8.384,119.27
2403,80.18,15,9.914,100.87
2404,80.213,14,8.157,122.59
2405,80.247,13,7.0,142.85
2406,80.28,12,0.0,0
2407,80.314,13,19.074,52.43
2408,80.347,13,15.114,66.16
2409,80.38,14,0.0,0
2410,80.414,12,0.0,0
2411,80.447,11,1.96,510.13
2412,80.48,8,5.878,170.12
2413,80.514,11,14.766,67.73
2414,80.547,11,11.013,90.8
2415,80.581,10,2.429,411.61
2416,80.614,8,6.361,157.2
2417,80.647,7,0.0,0
2418,80.681,10,5.999,166.69
2419,80.714,8,3.865,258.72
2420,80.747,8,14.381,69.53
2421,80.781,8,6.0,166.67
2422,80.814,7,6.055,165.14
2423,80.847,7,5.009,199.63
2424,80.881,7,0.0,0
2425,80.914,6,6.002,166.61
2426,80.948,5,4.763,209.96
2427,80.981,6,0.0,0
2428,81.014,5,7.001,142.84
2429,81.048,3,6.911,144.7
2430,81.081,4,6.0,166.66
2431,81.114,6,7.311,136.79
2432,81.148,4,6.033,165.75
2433,81.181,7,13.968,71.59
2434,81.214,5,6.004,166.55
2435,81.248,5,6.322,158.17
2436,81.281,5,4.403,227.14
2437,81.315,6,6.001,166.63
2438,81.348,4,6.406,156.11
2439,81.381,7,6.873,145.49
2440,81.415,4,0.0,0
2441,81.448,7,6.751,148.12
2442,81.481,7,12.093,82.7
2443,81.515,8,0.0,0
2444,81.548,8,4.989,200.44
2445,81.582,7,12.183,82.08
2446,81.615,8,7.008,142.7
2447,81.648,8,6.999,142.89
2448,81.682,9,7.247,137.98
2449,81.715,13,5.735,174.36
2450,81.748,13,14.74,67.84
2451,81.782,13,0.0,0
2452,81.815,13,5.648,177.04
2453,81.848,12,15.383,65.0
2454,81.882,15,8.515,117.44
2455,81.915,15,0.0,0
2456,81.949,15,0.0,0
2457,81.982,11,19.569,51.1
2458,82.015,14,5.997,166.76
2459,82.049,12,7.767,128.75
2460,82.082,11,8.032,124.5
2461,82.115,12,7.125,140.35
2462,82.149,13,7.0,142.86
2463,82.182,13,0.0,0
2464,82.215,12,15.933,62.76
2465,82.249,14,0.0,0
2466,82.282,11,0.0,0
2467,82.316,8,20.631,48.47
2468,82.349,9,0.0,0
2469,82.382,8,0.0,0
2470,82.416,9,15.768,63.42
2471,82.449,9,0.0,0
2472,82.482,7,0.0,0
2473,82.516,8,15.66,63.86
2474,82.549,9,0.0,0
2475,82.582,8,0.0,0
2476,82.616,11,18.372,54.43
2477,82.649,9,0.0,0
2478,82.683,7,15.371,65.06
2479,82.716,6,0.0,0
2480,82.749,5,0.0,0
2481,82.783,5,20.059,49.85
2482,82.816,5,0.0,0
2483,82.849,5,15.786,63.35
2484,82.883,6,0.0,0
2485,82.916,7,0.0,0
2486,82.95,7,18.172,55.03
2487,82.983,7,0.0,0
2488,83.016,6,15.201,65.79
2489,83.05,6,0.0,0
2490,83.083,6,0.0,0
2491,83.116,5,15.82,63.21
2492,83.15,4,13.896,71.96
2493,83.183,6,0.0,0
2494,83.216,5,6.066,164.84
2495,83.25,6,11.645,85.87
2496,83.283,6,0.0,0
2497,83.317,7,15.635,63.96
2498,83.35,7,0.0,0
2499,83.383,8,0.0,0
2500,83.417,11,16.016,62.44
2501,83.45,10,0.0,0
2502,83.483,14,4.554,219.61
2503,83.517,11,12.464,80.23
2504,83.55,11,0.0,0
2505,83.584,12,17.877,55.94
2506,83.617,14,12.612,79.29
2507,83.65,11,9.887,101.14
2508,83.684,11,6.003,166.59
2509,83.717,13,6.891,145.11
2510,83.75,11,5.857,170.75
2511,83.784,12,6.999,142.87
2512,83.817,13,6.11,163.67
2513,83.85,16,6.733,148.52
2514,83.884,12,7.002,142.81
2515,83.917,8,6.113,163.58
2516,83.951,10,5.001,199.97
2517,83.984,8,5.296,188.81
2518,84.017,9,5.609,178.3
2519,84.051,13,6.998,142.89
2520,84.084,11,5.897,169.58
2521,84.117,13,6.0,166.67
2522,84.151,12,6.103,163.85
2523,84.184,13,7.0,142.85
2524,84.217,18,6.009,166.41
2525,84.251,19,6.638,150.64
2526,84.284,22,6.603,151.45
2527,84.318,22,7.794,128.31
2528,84.351,23,7.0,142.85
2529,84.384,25,6.289,159.0
2530,84.418,23,6.006,166.51
2531,84.451,24,6.999,142.89
2532,84.484,22,6.655,150.26
2533,84.518,19,5.997,166.74
2534,84.551,23,5.995,166.8
2535,84.585,22,7.066,141.53
2536,84.618,19,6.0,166.67
2537,84.651,19,6.006,166.51
2538,84.685,20,6.051,165.25
2539,84.718,18,6.671,149.89
2540,84.751,19,5.999,166.71
2541,84.785,21,6.355,157.37
2542,84.818,18,6.725,148.7
2543,84.851,19,5.999,166.7
2544,84.885,15,6.014,166.29
2545,84.918,17,6.621,151.04
2546,84.952,13,5.054,197.85
2547,84.985,12,5.388,185.59
2548,85.018,14,5.0,199.99
2549,85.052,10,0.0,0
2550,85.085,12,15.732,63.57
2551,85.118,14,0.0,0
2552,85.152,10,21.673,46.14
2553,85.185,8,5.001,199.96
2554,85.218,11,0.0,0
2555,85.252,12,16.67,59.99
2556,85.285,11,0.0,0
2557,85.319,8,0.0,0
2558,85.352,10,15.793,63.32
2559,85.385,10,0.0,0
2560,85.419,12,15.654,63.88
2561,85.452,9,15.889,62.94
2562,85.485,9,0.0,0
2563,85.519,11,20.636,48.46
2564,85.552,10,6.008,166.44
2565,85.585,7,4.009,249.41
2566,85.619,6,0.0,0
2567,85.652,8,5.439,183.87
2568,85.686,7,0.0,0
2569,85.719,7,0.0,0
2570,85.752,6,15.777,63.38
2571,85.786,6,0.0,0
2572,85.819,7,15.961,62.65
2573,85.852,9,0.0,0
2574,85.886,11,0.487,2053.01
2575,85.919,11,0.0,0
2576,85.953,10,8.691,115.06
2577,85.986,8,5.596,178.69
2578,86.019,8,6.046,165.4
2579,86.053,10,7.008,142.7
2580,86.086,10,6.008,166.44
2581,86.119,9,5.996,166.77
2582,86.153,10,5.425,184.32
2583,86.186,14,5.998,166.72
2584,86.219,12,5.999,166.71
2585,86.253,10,6.477,154.4
2586,86.286,12,5.0,200.0
2587,86.32,14,5.179,193.09
2588,86.353,19,6.0,166.67
2589,86.386,13,0.0,0
2590,86.42,10,12.023,83.17
2591,86.453,12,0.0,0
2592,86.486,12,0.0,0
2593,86.52,11,15.881,62.97
2594,86.553,7,0.0,0
2595,86.587,7,19.609,51.0
2596,86.62,11,6.009,166.41
2597,86.653,9,6.403,156.17
2598,86.687,7,5.001,199.95
2599,86.72,8,0.0,0
2600,86.753,9,15.133,66.08
2601,86.787,10,0.0,0
2602,86.82,12,0.0,0
2603,86.853,12,15.797,63.3
2604,86.887,17,0.0,0
2605,86.92,20,0.0,0
2606,86.954,17,21.04,47.53
2607,86.987,11,6.004,166.57
2608,87.02,12,6.878,145.39
2609,87.054,11,5.995,166.82
2610,87.087,11,0.0,0
2611,87.12,12,15.77,63.41
2612,87.154,16,0.0,0
2613,87.187,14,0.0,0
2614,87.22,19,15.797,63.3
2615,87.254,17,0.0,0
2616,87.287,14,6.702,149.2
2617,87.321,13,5.981,167.2
2618,87.354,12,4.996,200.18
2619,87.387,10,3.971,251.82
2620,87.421,11,0.0,0
2621,87.454,12,0.0,0
2622,87.487,12,15.8,63.29
2623,87.521,12,0.0,0
2624,87.554,9,18.693,53.5
2625,87.588,12,0.0,0
2626,87.621,16,5.996,166.79
2627,87.654,16,6.0,166.67
2628,87.688,11,5.002,199.91
2629,87.721,10,4.892,204.43
2630,87.754,11,0.0,0
2631,87.788,11,15.085,66.29
2632,87.821,11,0.0,0
2633,87.854,14,0.0,0
2634,87.888,11,16.037,62.35
2635,87.921,13,0.0,0
2636,87.955,11,15.819,63.21
2637,87.988,11,0.0,0
2638,88.021,12,5.455,183.32
2639,88.055,12,5.0,200.0
2640,88.088,15,0.0,0
2641,88.121,12,15.407,64.91
2642,88.155,14,0.0,0
2643,88.188,15,15.678,63.78
2644,88.221,14,0.0,0
2645,88.255,14,0.0,0
2646,88.288,12,15.841,63.13
2647,88.322,11,0.0,0
2648,88.355,12,4.105,243.6
2649,88.388,12,11.234,89.02
2650,88.422,12,5.109,195.75
2651,88.455,14,5.0,200.0
2652,88.488,10,0.0,0
2653,88.522,11,15.108,66.19
2654,88.555,14,0.0,0
2655,88.588,14,0.0,0
2656,88.622,12,15.927,62.79
2657,88.655,10,0.0,0
2658,88.689,13,15.915,62.84
2659,88.722,8,0.0,0
2660,88.755,10,6.075,164.6
2661,88.789,11,6.0,166.66
2662,88.822,13,0.389,2570.04
2663,88.855,13,0.0,0
2664,88.889,9,0.0,0
2665,88.922,11,15.982,62.57
2666,88.956,10,0.0,0
2667,88.989,10,16.018,62.43
2668,89.022,13,0.0,0
2669,89.056,10,0.0,0
2670,89.089,12,16.819,59.46
2671,89.122,12,4.995,200.21
2672,89.156,10,5.702,175.39
2673,89.189,9,0.0,0
2674,89.222,9,15.163,65.95
2675,89.256,14,0.0,0
2676,89.289,8,0.0,0
2677,89.323,8,15.784,63.36
2678,89.356,14,0.0,0
2679,89.389,11,15.688,63.74
2680,89.423,11,0.0,0
2681,89.456,8,0.0,0
2682,89.489,9,16.892,59.2
2683,89.523,9,4.901,204.05
2684,89.556,9,5.978,167.28
2685,89.59,11,5.225,191.4
2686,89.623,10,10.125,98.76
2687,89.656,9,8.305,120.41
2688,89.69,11,7.511,133.14
2689,89.723,12,11.296,88.53
2690,89.756,15,4.584,218.14
2691,89.79,14,11.304,88.47
2692,89.823,14,7.162,139.63
2693,89.856,14,13.194,75.79
2694,89.89,12,6.083,164.39
2695,89.923,11,5.642,177.23
2696,89.957,11,5.007,199.72
2697,89.99,15,1.543,648.07
2698,90.023,12,12.176,82.13
2699,90.057,15,5.119,195.35
2700,90.09,18,10.83,92.34
2701,90.123,18,8.841,113.11
2702,90.157,14,4.489,222.77
2703,90.19,16,5.987,167.04
2704,90.223,19,6.002,166.6
2705,90.257,14,7.0,142.86
2706,90.29,19,6.007,166.48
2707,90.324,12,6.008,166.44
2708,90.357,13,6.758,147.97
2709,90.39,9,6.007,166.46
2710,90.424,11,6.473,154.5
2711,90.457,7,5.0,200.01
2712,90.49,7,4.991,200.38
2713,90.524,14,6.626,150.92
2714,90.557,13,5.0,199.99
2715,90.591,14,5.313,188.22
2716,90.624,11,6.0,166.68
2717,90.657,13,6.174,161.98
2718,90.691,13,6.552,152.62
2719,90.724,16,6.999,142.88
2720,90.757,14,6.044,165.46
2721,90.791,16,6.685,149.59
2722,90.824,13,6.0,166.67
2723,90.857,11,7.374,135.62
2724,90.891,13,6.998,142.9
2725,90.924,17,5.876,170.18
2726,90.958,16,7.257,137.79
2727,90.991,16,10.925,91.53
2728,91.024,18,8.874,112.68
2729,91.058,16,5.989,166.98
2730,91.091,17,8.065,124.0
2731,91.124,17,5.486,182.3
2732,91.158,16,5.655,176.85
2733,91.191,18,13.823,72.35
2734,91.224,18,9.211,108.56
2735,91.258,18,5.37,186.21
2736,91.291,20,16.214,61.67
2737,91.325,19,10.687,93.57
2738,91.358,17,8.702,114.92
2739,91.391,17,5.932,168.57
2740,91.425,16,12.876,77.66
2741,91.458,15,4.819,207.51
2742,91.491,8,2.016,496.13
2743,91.525,11,12.224,81.8
2744,91.558,11,4.031,248.07
2745,91.591,14,4.962,201.51
2746,91.625,11,12.683,78.84
2747,91.658,17,5.842,171.18
2748,91.692,14,3.001,333.25
2749,91.725,12,12.955,77.19
2750,91.758,17,11.461,87.25
2751,91.792,13,4.635,215.75
2752,91.825,11,13.085,76.42
2753,91.858,14,10.338,96.73
2754,91.892,11,6.423,155.68
2755,91.925,15,12.411,80.57
2756,91.959,15,10.949,91.33
2757,91.992,12,8.454,118.29
2758,92.025,7,7.518,133.01
2759,92.059,5,6.818,146.68
2760,92.092,12,4.758,210.19
2761,92.125,12,4.827,207.19
2762,92.159,11,12.393,80.69
2763,92.192,6,0.0,0
2764,92.225,11,7.085,141.14
2765,92.259,10,7.95,125.79
2766,92.292,10,4.365,229.11
2767,92.326,8,0.0,0
2768,92.359,7,2.603,384.23
2769,92.392,4,15.058,66.41
2770,92.426,6,4.209,237.58
2771,92.459,4,12.454,80.3
2772,92.492,4,6.732,148.53
2773,92.526,5,0.0,0
2774,92.559,8,16.165,61.86
2775,92.593,10,8.359,119.63
2776,92.626,13,2.717,368.08
2777,92.659,11,13.407,74.59
2778,92.693,13,11.883,84.15
2779,92.726,14,5.005,199.8
2780,92.759,13,6.613,151.22
2781,92.793,10,11.124,89.9
2782,92.826,11,2.842,351.84
2783,92.859,10,10.57,94.61
2784,92.893,9,2.028,492.98
2785,92.926,9,12.639,79.12
2786,92.96,6,2.033,492.0
2787,92.993,6,2.465,405.76
2788,93.026,8,2.013,496.78
2789,93.06,9,5.538,180.56
2790,93.093,8,5.33,187.61
2791,93.126,9,6.095,164.06
2792,93.16,7,6.078,164.53
2793,93.193,8,11.81,84.67
2794,93.226,11,0.0,0
2795,93.26,9,4.628,216.07
2796,93.293,9,7.642,130.86
2797,93.327,11,5.403,185.08
2798,93.36,12,5.859,170.68
2799,93.393,13,4.051,246.84
2800,93.427,11,5.002,199.93
2801,93.46,11,10.667,93.75
2802,93.493,11,5.955,167.92
2803,93.527,11,6.008,166.43
2804,93.56,13,7.276,137.44
2805,93.594,11,6.258,159.79
2806,93.627,11,5.605,178.4
2807,93.66,13,5.732,174.47
2808,93.694,10,6.581,151.96
2809,93.727,11,5.027,198.92
2810,93.76,9,7.251,137.91
2811,93.794,12,14.04,71.23
2812,93.827,12,5.904,169.38
2813,93.86,11,3.538,282.62
2814,93.894,11,6.036,165.67
2815,93.927,10,5.863,170.56
2816,93.961,12,5.982,167.18
2817,93.994,12,6.001,166.65
2818,94.027,10,6.009,166.41
2819,94.061,11,4.521,221.17
2820,94.094,9,6.758,147.97
2821,94.127,12,6.178,161.86
2822,94.161,10,4.999,200.03
2823,94.194,11,5.0,200.0
2824,94.227,9,4.858,205.85
2825,94.261,13,7.302,136.96
2826,94.294,13,13.63,73.37
2827,94.328,12,6.355,157.36
2828,94.361,12,8.75,114.29
2829,94.394,14,6.724,148.73
2830,94.428,12,5.999,166.69
2831,94.461,12,6.037,165.65
2832,94.494,14,6.498,153.89
2833,94.528,16,7.0,142.86
2834,94.561,15,6.396,156.35
2835,94.594,13,5.538,180.57
2836,94.628,15,4.155,240.68
2837,94.661,24,7.373,135.63
2838,94.695,25,6.824,146.55
2839,94.728,24,6.261,159.72
2840,94.761,19,6.188,161.59
2841,94.795,25,7.552,132.41
2842,94.828,18,6.007,166.46
2843,94.861,20,7.0,142.85
2844,94.895,17,4.666,214.3
2845,94.928,12,8.149,122.72
2846,94.962,10,3.139,318.55
2847,94.995,10,12.614,79.28
2848,95.028,9,15.055,66.42
2849,95.062,12,6.004,166.57
2850,95.095,13,6.838,146.25
2851,95.128,8,5.218,191.65
2852,95.162,9,10.999,90.91
2853,95.195,4,9.433,106.01
2854,95.228,5,7.859,127.24
2855,95.262,7,6.999,142.88
2856,95.295,9,8.523,117.32
2857,95.329,7,7.976,125.38
2858,95.362,11,9.231,108.34
2859,95.395,14,8.001,124.99
2860,95.429,18,7.002,142.82
2861,95.462,19,7.725,129.45
2862,95.495,22,8.0,125.01
2863,95.529,18,13.35,74.9
2864,95.562,25,9.165,109.11
2865,95.596,20,15.449,64.73
2866,95.629,21,8.312,120.32
2867,95.662,21,8.405,118.97
2868,95.696,22,8.515,117.43
2869,95.729,20,8.26,121.07
2870,95.762,22,7.997,125.05
2871,95.796,20,8.009,124.86
2872,95.829,23,11.261,88.8
2873,95.862,24,12.024,83.17
2874,95.896,24,8.0,125.01
2875,95.929,18,9.999,100.01
2876,95.963,25,7.999,125.02
2877,95.996,26,7.931,126.09
2878,96.029,24,7.0,142.85
2879,96.063,29,10.501,95.23
2880,96.096,31,10.828,92.35
2881,96.129,26,9.503,105.23
2882,96.163,23,9.005,111.05
2883,96.196,29,10.504,95.2
2884,96.229,26,7.998,125.02
2885,96.263,28,8.4,119.05
2886,96.296,27,10.105,98.96
2887,96.33,20,8.003,124.95
2888,96.363,21,7.997,125.05
2889,96.396,24,7.872,127.03
2890,96.43,21,8.002,124.98
2891,96.463,24,8.0,125.0
2892,96.496,24,10.455,95.65
2893,96.53,22,11.624,86.03
2894,96.563,27,6.985,143.16
2895,96.597,31,5.354,186.77
2896,96.63,26,7.071,141.43
2897,96.663,28,8.997,111.14
2898,96.697,32,8.009,124.86
2899,96.73,24,7.612,131.37
2900,96.763,25,6.736,148.45
2901,96.797,26,7.997,125.05
2902,96.83,26,8.696,114.99
2903,96.863,19,7.616,131.31
2904,96.897,21,7.31,136.8
2905,96.93,30,7.379,135.53
2906,96.964,29,7.11,140.64
2907,96.997,30,8.375,119.4
2908,97.03,31,8.367,119.52
2909,97.064,29,7.54,132.62
2910,97.097,27,8.307,120.39
2911,97.13,27,7.618,131.27
2912,97.164,27,7.999,125.01
2913,97.197,29,8.0,124.99
2914,97.23,27,8.999,111.12
2915,97.264,30,8.677,115.24
2916,97.297,30,7.99,125.15
2917,97.331,28,7.999,125.02
2918,97.364,26,9.998,100.02
2919,97.397,25,9.012,110.96
2920,97.431,30,8.604,116.23
2921,97.464,27,7.461,134.04
2922,97.497,28,8.085,123.69
2923,97.531,25,9.003,111.08
2924,97.564,22,10.058,99.42
2925,97.597,27,8.996,111.16
2926,97.631,28,9.995,100.05
2927,97.664,24,10.976,91.11
2928,97.698,25,11.434,87.46
2929,97.731,21,8.304,120.43
2930,97.764,26,8.643,115.7
2931,97.798,25,7.999,125.01
2932,97.831,27,8.553,116.92
2933,97.864,25,7.005,142.76
2934,97.898,24,8.0,124.99
2935,97.931,25,8.0,125.0
2936,97.965,28,8.631,115.86
2937,97.998,26,7.995,125.08
2938,98.031,34,8.464,118.15
2939,98.065,32,9.0,111.11
2940,98.098,29,7.999,125.01
2941,98.131,30,8.473,118.02
2942,98.165,31,8.998,111.14
2943,98.198,30,9.688,103.22
2944,98.231,30,1.007,992.97
2945,98.265,24,8.997,111.15
2946,98.298,27,8.336,119.96
2947,98.332,29,10.194,98.1
2948,98.365,27,6.697,149.31
2949,98.398,29,16.552,60.42
2950,98.432,28,6.998,142.9
2951,98.465,24,7.995,125.08
2952,98.498,25,0.501,1996.34
2953,98.532,24,7.238,138.16
2954,98.565,21,6.17,162.08
2955,98.599,23,7.667,130.43
2956,98.632,20,7.197,138.95
2957,98.665,19,7.996,125.06
2958,98.699,20,6.313,158.41
2959,98.732,20,7.846,127.46
2960,98.765,21,10.23,97.75
2961,98.799,21,7.0,142.86
2962,98.832,23,5.504,181.7
2963,98.865,21,8.129,123.01
2964,98.899,21,6.794,147.18
2965,98.932,15,7.253,137.88
2966,98.966,19,6.249,160.03
2967,98.999,18,14.283,70.01
2968,99.032,21,7.474,133.79
2969,99.066,20,7.452,134.2
2970,99.099,19,4.004,249.78
2971,99.132,20,9.71,102.99
2972,99.166,19,7.497,133.38
2973,99.199,15,7.003,142.8
2974,99.232,15,6.92,144.51
2975,99.266,16,7.519,132.99
2976,99.299,13,9.591,104.27
2977,99.333,15,8.323,120.15
2978,99.366,13,3.795,263.49
2979,99.399,16,7.707,129.75
2980,99.433,18,7.53,132.79
2981,99.466,16,7.003,142.8
2982,99.499,19,11.285,88.62
2983,99.533,13,8.008,124.88
2984,99.566,14,7.005,142.76
2985,99.6,16,10.225,97.8
2986,99.633,13,13.22,75.64
2987,99.666,14,7.92,126.26
2988,99.7,13,7.007,142.71
2989,99.733,13,6.48,154.32
2990,99.766,13,8.769,114.04
2991,99.8,10,7.052,141.8
2992,99.833,12,4.002,249.88
2993,99.866,16,8.427,118.66
2994,99.9,18,7.241,138.11
2995,99.933,14,7.999,125.02
2996,99.967,14,7.886,126.81
2997,100.0,13,7.998,125.02
2998,100.033,11,6.998,142.9
2999,100.067,18,6.811,146.82
3000,100.1,15,7.469,133.89
3001,100.133,16,8.006,124.9
3002,100.167,18,6.999,142.87
3003,100.2,16,8.839,113.13
3004,100.233,19,7.91,126.43
3005,100.267,17,6.999,142.88
3006,100.3,20,6.978,143.3
3007,100.334,23,7.999,125.02
3008,100.367,21,7.69,130.04
3009,100.4,22,8.07,123.92
3010,100.434,21,11.367,87.97
3011,100.467,22,7.997,125.04
3012,100.5,21,9.069,110.26
3013,100.534,22,9.06,110.37
3014,100.567,20,10.591,94.42
3015,100.6,19,0.0,0
3016,100.634,18,5.999,166.69
3017,100.667,18,6.0,166.68
3018,100.701,17,7.006,142.74
3019,100.734,17,6.006,166.51
3020,100.767,22,5.001,199.97
3021,100.801,21,7.096,140.93
3022,100.834,19,7.016,142.53
3023,100.867,20,6.143,162.78
3024,100.901,19,6.007,166.47
3025,100.934,16,5.405,185.02
3026,100.968,20,6.008,166.44
3027,101.001,19,6.853,145.92
3028,101.034,14,2.014,496.54
3029,101.068,15,14.039,71.23
3030,101.101,16,7.571,132.08
3031,101.134,13,6.951,143.86
3032,101.168,21,6.0,166.67
3033,101.201,22,7.141,140.03
3034,101.234,21,7.027,142.3
3035,101.268,20,10.08,99.21
3036,101.301,23,2.013,496.78
3037,101.335,24,2.875,347.87
3038,101.368,21,15.539,64.35
3039,101.401,23,5.459,183.2
3040,101.435,21,7.002,142.81
3041,101.468,22,6.312,158.44
3042,101.501,24,4.696,212.96
3043,101.535,24,6.006,166.49
3044,101.568,25,7.525,132.88
3045,101.602,23,6.007,166.47
3046,101.635,23,6.113,163.59
3047,101.668,24,11.735,85.22
3048,101.702,20,13.938,71.74
3049,101.735,20,6.845,146.08
3050,101.768,21,15.683,63.76
3051,101.802,26,7.0,142.86
3052,101.835,29,7.003,142.79
3053,101.868,20,6.964,143.6
3054,101.902,22,7.005,142.75
3055,101.935,22,7.006,142.73
3056,101.969,21,6.431,155.51
3057,102.002,22,7.988,125.18
3058,102.035,17,7.0,142.85
3059,102.069,22,6.995,142.96
3060,102.102,23,7.225,138.41
3061,102.135,23,6.999,142.87
3062,102.169,24,7.002,142.81
3063,102.202,25,6.62,151.05
3064,102.235,26,7.0,142.86
3065,102.269,27,5.075,197.04
3066,102.302,27,7.962,125.59
3067,102.336,30,7.196,138.97
3068,102.369,32,6.989,143.08
3069,102.402,33,8.999,111.12
3070,102.436,36,3.541,282.44
3071,102.469,32,8.009,124.86
3072,102.502,37,8.0,124.99
3073,102.536,34,9.091,109.99
3074,102.569,32,3.421,292.35
3075,102.603,29,6.087,164.29
3076,102.636,28,7.007,142.71
3077,102.669,23,7.002,142.82
3078,102.703,22,3.516,284.38
3079,102.736,24,7.868,127.09
3080,102.769,22,6.001,166.63
3081,102.803,22,8.225,121.57
3082,102.836,20,7.766,128.77
3083,102.869,20,7.001,142.83
3084,102.903,17,5.729,174.54
3085,102.936,20,6.422,155.71
3086,102.97,21,14.727,67.9
3087,103.003,16,11.021,90.74
3088,103.036,20,0.0,0
3089,103.07,15,7.007,142.71
3090,103.103,15,8.043,124.33
3091,103.136,14,7.37,135.68
3092,103.17,15,0.0,0
3093,103.203,15,3.916,255.36
3094,103.236,13,7.396,135.2
3095,103.27,13,11.603,86.19
3096,103.303,14,4.654,214.85
3097,103.337,12,6.756,148.02
3098,103.37,14,6.524,153.28
3099,103.403,15,8.851,112.99
3100,103.437,16,0.0,0
3101,103.47,14,5.343,187.15
3102,103.503,17,8.676,115.27
3103,103.537,19,6.057,165.09
3104,103.57,17,5.313,188.23
3105,103.603,22,7.778,128.56
3106,103.637,17,7.325,136.52
3107,103.67,19,7.275,137.46
3108,103.704,23,7.005,142.76
3109,103.737,18,4.764,209.93
3110,103.77,14,13.023,76.79
3111,103.804,22,6.353,157.4
3112,103.837,20,2.846,351.43
3113,103.87,21,17.08,58.55
3114,103.904,24,12.173,82.15
3115,103.937,26,8.275,120.85
3116,103.971,24,2.91,343.6
3117,104.004,23,4.312,231.91
3118,104.037,28,8.671,115.33
3119,104.071,24,8.127,123.05
3120,104.104,19,5.046,198.18
3121,104.137,22,7.174,139.4
3122,104.171,20,8.003,124.96
3123,104.204,24,7.874,127.01
3124,104.237,20,4.076,245.32
3125,104.271,27,7.88,126.91
3126,104.304,25,8.616,116.07
3127,104.338,29,8.885,112.54
3128,104.371,28,10.682,93.61
3129,104.404,29,6.981,143.25
3130,104.438,27,8.032,124.5
3131,104.471,27,8.307,120.38
3132,104.504,24,9.408,106.3
3133,104.538,24,4.599,217.42
3134,104.571,18,13.06,76.57
3135,104.605,21,3.679,271.79
3136,104.638,21,4.303,232.42
3137,104.671,18,13.549,73.8
3138,104.705,22,11.013,90.81
3139,104.738,18,5.373,186.12
3140,104.771,18,7.741,129.17
3141,104.805,16,3.614,276.72
3142,104.838,22,6.158,162.39
3143,104.871,18,7.69,130.03
3144,104.905,22,6.606,151.38
3145,104.938,28,6.505,153.72
3146,104.972,23,8.644,115.68
3147,105.005,26,8.497,117.69
3148,105.038,27,8.03,124.53
3149,105.072,28,8.002,124.97
3150,105.105,27,6.998,142.91
3151,105.138,22,6.886,145.21
3152,105.172,26,7.101,140.83
3153,105.205,24,6.03,165.84
3154,105.238,24,7.0,142.85
3155,105.272,27,6.199,161.31
3156,105.305,26,2.006,498.43
3157,105.339,21,5.643,177.21
3158,105.372,21,12.047,83.01
3159,105.405,22,13.614,73.45
3160,105.439,28,6.313,158.4
3161,105.472,31,13.673,73.14
3162,105.505,28,12.909,77.47
3163,105.539,27,5.999,166.69
3164,105.572,25,8.189,122.11
3165,105.606,25,11.208,89.23
3166,105.639,25,13.3,75.19
3167,105.672,19,8.255,121.15
3168,105.706,25,7.523,132.92
3169,105.739,20,6.886,145.22
3170,105.772,22,9.215,108.52
3171,105.806,18,6.808,146.88
3172,105.839,17,6.914,144.63
3173,105.872,15,10.417,95.99
3174,105.906,17,6.099,163.96
3175,105.939,19,7.531,132.79
3176,105.973,17,5.986,167.05
3177,106.006,17,5.999,166.69
3178,106.039,19,7.262,137.7
3179,106.073,20,7.0,142.85
3180,106.106,17,6.0,166.67
3181,106.139,19,6.49,154.09
3182,106.173,16,2.858,349.85
3183,106.206,16,5.874,170.24
3184,106.239,16,7.599,131.59
3185,106.273,17,6.248,160.04
3186,106.306,20,12.118,82.52
3187,106.34,22,4.219,237.03
3188,106.373,23,9.288,107.66
3189,106.406,22,7.0,142.85
3190,106.44,25,6.001,166.64
3191,106.473,25,7.042,142.0
3192,106.506,25,7.071,141.42
3193,106.54,27,7.18,139.28
3194,106.573,27,6.985,143.16
3195,106.606,23,6.461,154.78
3196,106.64,21,10.23,97.75
3197,106.673,21,3.764,265.65
3198,106.707,22,14.322,69.82
3199,106.74,20,7.05,141.84
3200,106.773,19,5.664,176.56
3201,106.807,20,2.028,493.1
3202,106.84,20,7.584,131.85
3203,106.873,19,4.237,235.99
3204,106.907,17,6.769,147.72
3205,106.94,20,7.303,136.94
3206,106.974,21,6.613,151.22
3207,107.007,22,6.321,158.2
3208,107.04,22,6.925,144.4
3209,107.074,22,6.997,142.93
3210,107.107,22,6.571,152.19
3211,107.14,23,5.658,176.75
3212,107.174,21,6.969,143.48
3213,107.207,17,6.578,152.01
3214,107.24,19,7.185,139.18
3215,107.274,19,6.942,144.06
3216,107.307,14,6.466,154.65
3217,107.341,17,6.498,153.89
3218,107.374,18,7.183,139.23
3219,107.407,21,7.003,142.79
3220,107.441,23,6.033,165.74
3221,107.474,22,7.405,135.04
3222,107.507,22,7.0,142.86
3223,107.541,20,9.094,109.96
3224,107.574,20,7.39,135.31
3225,107.608,23,7.275,137.46
3226,107.641,23,7.0,142.86
3227,107.674,20,6.455,154.91
3228,107.708,21,6.001,166.64
3229,107.741,19,8.013,124.8
3230,107.774,23,3.782,264.44
3231,107.808,21,6.796,147.14
3232,107.841,25,7.834,127.65
3233,107.874,27,4.422,226.12
3234,107.908,27,6.113,163.58
3235,107.941,21,7.301,136.96
3236,107.975,23,6.963,143.61
3237,108.008,25,7.005,142.76
3238,108.041,26,6.174,161.98
3239,108.075,24,5.62,177.93
3240,108.108,22,11.633,85.96
3241,108.141,24,6.53,153.14
3242,108.175,16,5.794,172.58
3243,108.208,21,4.205,237.84
3244,108.241,20,2.016,496.07
3245,108.275,20,14.452,69.19
3246,108.308,21,6.128,163.2
3247,108.342,16,6.245,160.12
3248,108.375,22,6.0,166.68
3249,108.408,22,7.739,129.22
3250,108.442,16,6.866,145.65
3251,108.475,16,5.872,170.31
3252,108.508,17,7.41,134.96
3253,108.542,18,6.099,163.96
3254,108.575,19,3.539,282.6
3255,108.609,20,6.357,157.3
3256,108.642,19,7.412,134.91
3257,108.675,18,10.034,99.66
3258,108.709,18,6.607,151.35
3259,108.742,20,5.998,166.71
3260,108.775,24,5.439,183.85
3261,108.809,21,6.0,166.67
3262,108.842,21,6.368,157.03
3263,108.875,23,6.566,152.3
3264,108.909,18,6.213,160.95
3265,108.942,19,4.025,248.42
3266,108.976,16,14.245,70.2
3267,109.009,16,6.112,163.61
3268,109.042,18,6.063,164.94
3269,109.076,13,5.999,166.69
3270,109.109,17,5.772,173.25
3271,109.142,17,5.798,172.47
3272,109.176,13,5.913,169.11
3273,109.209,16,5.957,167.87
3274,109.242,15,7.905,126.51
3275,109.276,17,5.946,168.18
3276,109.309,13,6.365,157.11
3277,109.343,16,5.646,177.12
3278,109.376,15,6.375,156.86
3279,109.409,15,6.603,151.46
3280,109.443,16,6.0,166.67
3281,109.476,16,4.006,249.6
3282,109.509,15,7.164,139.6
3283,109.543,13,2.64,378.86
3284,109.576,16,4.434,225.54
3285,109.609,15,2.468,405.17
3286,109.643,14,4.713,212.17
3287,109.676,16,3.258,306.96
3288,109.71,14,6.992,143.03
3289,109.743,11,6.818,146.67
3290,109.776,15,6.999,142.88
3291,109.81,14,6.189,161.59
3292,109.843,12,7.581,131.9
3293,109.876,13,5.4,185.17
3294,109.91,10,3.087,323.91
3295,109.943,16,7.578,131.96
3296,109.977,17,6.279,159.26
3297,110.01,12,3.769,265.34
3298,110.043,15,6.87,145.57
3299,110.077,16,5.836,171.36
3300,110.11,15,5.001,199.97
3301,110.143,16,5.649,177.03
3302,110.177,21,10.167,98.36
3303,110.21,17,5.712,175.08
3304,110.243,18,6.271,159.46
3305,110.277,17,6.175,161.95
3306,110.31,19,6.336,157.83
3307,110.344,16,6.168,162.12
3308,110.377,17,6.909,144.74
3309,110.41,12,5.995,166.82
3310,110.444,16,6.007,166.48
3311,110.477,16,6.14,162.87
3312,110.51,15,6.09,164.19
3313,110.544,11,6.03,165.83
3314,110.577,18,5.939,168.37
3315,110.611,18,5.895,169.64
3316,110.644,16,4.022,248.64
3317,110.677,16,11.705,85.43
3318,110.711,16,7.386,135.39
3319,110.744,15,5.904,169.38
3320,110.777,16,8.218,121.68
3321,110.811,17,6.83,146.42
3322,110.844,18,6.0,166.67
3323,110.877,21,5.378,185.95
3324,110.911,15,6.536,153.01
3325,110.944,15,5.719,174.86
3326,110.978,16,5.667,176.45
3327,111.011,13,4.019,248.82
3328,111.044,16,7.548,132.49
3329,111.078,15,6.63,150.83
3330,111.111,9,5.125,195.13
3331,111.144,13,6.427,155.6
3332,111.178,9,7.987,125.2
3333,111.211,13,6.001,166.64
3334,111.244,14,4.87,205.32
3335,111.278,13,6.007,166.46
3336,111.311,16,6.288,159.03
3337,111.345,12,1.754,570.03
3338,111.378,14,7.314,136.73
3339,111.411,13,6.118,163.46
3340,111.445,15,5.685,175.9
3341,111.478,14,7.132,140.21
3342,111.511,9,6.117,163.48
3343,111.545,8,6.0,166.68
3344,111.578,12,6.0,166.66
3345,111.612,14,6.345,157.62
3346,111.645,15,5.028,198.9
3347,111.678,16,6.22,160.78
3348,111.712,18,6.747,148.22
3349,111.745,17,5.995,166.8
3350,111.778,16,9.462,105.68
3351,111.812,16,6.125,163.25
3352,111.845,15,5.775,173.15
3353,111.878,14,5.64,177.31
3354,111.912,15,7.993,125.11
3355,111.945,14,6.2,161.29
3356,111.979,16,6.425,155.63
3357,112.012,17,5.263,190.01
3358,112.045,17,5.008,199.69
3359,112.079,16,5.99,166.94
3360,112.112,16,6.005,166.53
3361,112.145,14,5.816,171.94
3362,112.179,13,6.0,166.67
3363,112.212,16,6.001,166.65
3364,112.245,14,5.923,168.84
3365,112.279,16,5.848,170.99
3366,112.312,12,6.039,165.59
3367,112.346,14,5.984,167.12
3368,112.379,12,6.701,149.24
3369,112.412,12,4.944,202.28
3370,112.446,14,4.991,200.37
3371,112.479,11,3.011,332.14
3372,112.512,12,7.154,139.79
3373,112.546,9,2.023,494.44
3374,112.579,7,4.015,249.08
3375,112.612,5,5.0,199.99
3376,112.646,9,5.363,186.45
3377,112.679,11,6.001,166.65
3378,112.713,16,6.542,152.86
3379,112.746,15,7.389,135.33
3380,112.779,15,6.007,166.47
3381,112.813,17,7.168,139.5
3382,112.846,16,6.001,166.63
3383,112.879,15,6.254,159.89
3384,112.913,18,6.957,143.75
3385,112.946,16,7.0,142.86
3386,112.98,14,6.117,163.48
3387,113.013,15,6.0,166.67
3388,113.046,18,6.229,160.54
3389,113.08,20,3.015,331.64
3390,113.113,18,13.686,73.07
3391,113.146,15,7.497,133.39
3392,113.18,13,6.627,150.91
3393,113.213,19,7.189,139.11
3394,113.246,16,5.728,174.57
3395,113.28,16,6.197,161.36
3396,113.313,20,6.0,166.67
3397,113.347,21,6.456,154.89
3398,113.38,16,6.207,161.11
3399,113.413,17,5.896,169.6
3400,113.447,23,1.76,568.18
3401,113.48,20,7.251,137.92
3402,113.513,21,5.999,166.69
3403,113.547,26,4.662,214.51
3404,113.58,27,6.989,143.08
3405,113.614,26,7.325,136.52
3406,113.647,28,6.553,152.59
3407,113.68,23,11.287,88.6
3408,113.714,16,7.786,128.44
3409,113.747,18,6.122,163.36
3410,113.78,20,10.871,91.99
3411,113.814,22,8.349,119.77
3412,113.847,18,6.7,149.26
3413,113.88,12,7.283,137.31
3414,113.914,15,6.367,157.05
3415,113.947,17,5.769,173.35
3416,113.981,17,9.946,100.55
3417,114.014,18,4.303,232.4
3418,114.047,19,6.698,149.29
3419,114.081,22,6.0,166.67
3420,114.114,20,5.999,166.69
3421,114.147,16,5.999,166.69
3422,114.181,14,5.956,167.91
3423,114.214,17,6.02,166.12
3424,114.247,19,6.08,164.48
3425,114.281,17,7.056,141.71
3426,114.314,14,6.374,156.9
3427,114.348,14,6.001,166.64
3428,114.381,17,6.591,151.73
3429,114.414,22,6.0,166.67
3430,114.448,17,6.652,150.33
3431,114.481,19,6.581,151.96
3432,114.514,17,6.276,159.35
3433,114.548,22,6.548,152.73
3434,114.581,19,3.522,283.94
3435,114.615,18,6.626,150.91
3436,114.648,20,8.016,124.75
3437,114.681,22,6.459,154.81
3438,114.715,24,5.988,167.01
3439,114.748,24,6.306,158.57
3440,114.781,25,6.515,153.49
3441,114.815,23,5.618,178.0
3442,114.848,19,6.656,150.25
3443,114.881,21,6.407,156.08
3444,114.915,26,6.976,143.35
3445,114.948,27,7.982,125.29
3446,114.982,24,6.037,165.63
3447,115.015,25,5.875,170.22
3448,115.048,24,6.844,146.11
3449,115.082,21,4.992,200.3
3450,115.115,21,6.172,162.01
3451,115.148,20,5.526,180.98
3452,115.182,22,6.069,164.78
3453,115.215,22,5.944,168.22
3454,115.248,15,5.773,173.23
3455,115.282,21,6.0,166.66
3456,115.315,21,7.265,137.65
3457,115.349,17,5.598,178.63
3458,115.382,11,6.782,147.45
3459,115.415,16,5.031,198.75
3460,115.449,16,7.797,128.26
3461,115.482,18,7.11,140.65
3462,115.515,17,5.015,199.39
3463,115.549,13,9.933,100.67
3464,115.582,18,6.0,166.66
3465,115.615,17,5.668,176.44
3466,115.649,14,10.74,93.11
3467,115.682,16,2.026,493.68
3468,115.716,18,13.757,72.69
3469,115.749,17,10.972,91.14
3470,115.782,15,5.69,175.76
3471,115.816,17,5.647,177.07
3472,115.849,13,6.094,164.1
3473,115.882,18,5.759,173.66
3474,115.916,19,5.795,172.55
3475,115.949,17,6.933,144.23
3476,115.983,20,5.993,166.86
3477,116.016,16,6.463,154.72
3478,116.049,12,6.0,166.66
3479,116.083,10,7.557,132.32
3480,116.116,12,6.3,158.74
3481,116.149,11,6.636,150.7
3482,116.183,11,8.221,121.64
3483,116.216,12,7.009,142.67
3484,116.249,14,6.0,166.67
3485,116.283,15,7.053,141.79
3486,116.316,16,6.042,165.49
3487,116.35,16,6.564,152.35
3488,116.383,17,6.707,149.09
3489,116.416,11,6.26,159.75
3490,116.45,8,6.58,151.98
3491,116.483,9,6.13,163.15
3492,116.516,7,6.11,163.67
3493,116.55,8,6.106,163.77
3494,116.583,4,5.708,175.19
3495,116.617,4,6.196,161.38
3496,116.65,9,6.342,157.68
3497,116.683,8,6.007,166.48
3498,116.717,9,5.427,184.28
3499,116.75,7,6.009,166.42
3500,116.783,9,2.424,412.46
3501,116.817,10,13.233,75.57
3502,116.85,9,6.009,166.43
3503,116.883,9,6.1,163.94
3504,116.917,12,9.501,105.25
3505,116.95,11,6.007,166.47
3506,116.984,12,6.001,166.63
3507,117.017,10,4.999,200.02
3508,117.05,11,6.538,152.95
3509,117.084,12,6.001,166.65
3510,117.117,13,5.702,175.38
3511,117.15,10,2.031,492.35
3512,117.184,15,4.019,248.83
3513,117.217,16,6.807,146.91
3514,117.25,14,4.889,204.55
3515,117.284,16,6.298,158.78
3516,117.317,15,6.173,161.99
3517,117.351,22,6.007,166.48
3518,117.384,20,5.421,184.45
3519,117.417,18,5.0,199.99
3520,117.451,19,7.998,125.04
3521,117.484,20,3.776,264.86
3522,117.517,20,2.015,496.25
3523,117.551,17,8.175,122.33
3524,117.584,18,3.779,264.59
3525,117.618,21,12.549,79.69
3526,117.651,22,6.127,163.22
3527,117.684,22,6.001,166.65
3528,117.718,22,6.0,166.67
3529,117.751,25,6.575,152.09
3530,117.784,21,5.727,174.6
3531,117.818,23,3.475,287.75
3532,117.851,23,13.605,73.5
3533,117.884,28,11.146,89.72
3534,117.918,25,8.416,118.83
3535,117.951,25,7.016,142.53
3536,117.985,26,10.368,96.45
3537,118.018,28,8.168,122.43
3538,118.051,19,7.601,131.57
3539,118.085,18,6.899,144.96
3540,118.118,21,3.71,269.56
3541,118.151,20,7.627,131.11
3542,118.185,23,7.478,133.73
3543,118.218,21,6.01,166.39
3544,118.251,20,7.0,142.85
3545,118.285,21,5.999,166.71
3546,118.318,19,6.007,166.47
3547,118.352,17,7.557,132.32
3548,118.385,16,1.89,529.12
3549,118.418,20,2.018,495.55
3550,118.452,16,7.567,132.15
3551,118.485,17,1.906,524.62
3552,118.518,19,8.547,117.01
3553,118.552,16,6.608,151.34
3554,118.585,15,5.531,180.79
3555,118.618,18,7.586,131.83
3556,118.652,12,5.009,199.62
3557,118.685,16,6.001,166.63
3558,118.719,18,4.002,249.85
3559,118.752,16,12.625,79.21
3560,118.785,15,6.995,142.96
3561,118.819,14,4.88,204.93
3562,118.852,16,7.204,138.81
3563,118.885,17,5.487,182.26
3564,118.919,15,6.165,162.2
3565,118.952,15,6.381,156.72
3566,118.986,15,6.13,163.12
3567,119.019,15,6.037,165.65
3568,119.052,16,6.79,147.27
3569,119.086,14,8.531,117.22
3570,119.119,17,6.0,166.66
3571,119.152,16,6.001,166.63
3572,119.186,13,5.999,166.69
3573,119.219,13,4.265,234.46
3574,119.252,15,6.617,151.12
3575,119.286,13,7.009,142.68
3576,119.319,11,5.799,172.44
3577,119.353,12,11.304,88.46
3578,119.386,14,6.008,166.44
3579,119.419,14,7.002,142.81
3580,119.453,12,8.827,113.29
3581,119.486,11,5.805,172.27
3582,119.519,9,5.999,166.69
3583,119.553,13,6.0,166.67
3584,119.586,14,6.009,166.41
3585,119.62,12,7.278,137.39
3586,119.653,13,5.379,185.9
3587,119.686,12,6.143,162.78
3588,119.72,12,5.783,172.93
3589,119.753,11,5.99,166.94
3590,119.786,12,6.005,166.53
3591,119.82,11,6.008,166.45
3592,119.853,9,2.723,367.31
3593,119.886,9,9.547,104.75
3594,119.92,14,6.006,166.5
3595,119.953,15,6.008,166.45
3596,119.987,17,6.286,159.09
3597,120.02,18,6.006,166.49
3598,120.053,20,2.855,350.28
3599,120.087,15,12.96,77.16
3600,120.12,17,2.031,492.46
3601,120.153,16,9.639,103.74
3602,120.187,16,9.631,103.83
3603,120.22,16,7.446,134.31
3604,120.253,18,7.188,139.13
3605,120.287,16,6.121,163.38
3606,120.32,13,5.63,177.62
3607,120.354,15,6.608,151.33
3608,120.387,12,13.651,73.26
3609,120.42,17,6.876,145.42
3610,120.454,15,11.025,90.7
3611,120.487,16,3.024,330.68
3612,120.52,16,14.361,69.63
3613,120.554,17,3.54,282.46
3614,120.587,13,13.395,74.65
3615,120.621,12,6.474,154.46
3616,120.654,16,6.479,154.34
3617,120.687,16,5.736,174.35
3618,120.721,16,6.907,144.79
3619,120.754,22,2.373,421.41
3620,120.787,19,13.617,73.44
3621,120.821,17,12.332,81.09
3622,120.854,18,6.072,164.7
3623,120.887,17,6.007,166.47
3624,120.921,18,5.688,175.82
3625,120.954,18,6.637,150.67
3626,120.988,16,6.184,161.71
3627,121.021,17,5.825,171.67
3628,121.054,18,6.987,143.13
3629,121.088,16,10.784,92.73
3630,121.121,16,6.008,166.45
3631,121.154,17,7.001,142.84
3632,121.188,14,6.009,166.41
3633,121.221,14,6.359,157.27
3634,121.254,16,6.896,145.01
3635,121.288,16,5.952,168.01
3636,121.321,13,5.657,176.76
3637,121.355,14,6.0,166.68
3638,121.388,13,6.985,143.16
3639,121.421,16,7.003,142.79
3640,121.455,15,5.01,199.59
3641,121.488,14,6.005,166.53
3642,121.521,14,3.88,257.75
3643,121.555,16,0.0,0
3644,121.588,19,6.978,143.3
3645,121.621,17,5.681,176.04
3646,121.655,17,5.908,169.25
3647,121.688,17,6.946,143.98
3648,121.722,20,5.0,199.99
3649,121.755,25,6.084,164.37
3650,121.788,20,6.055,165.16
3651,121.822,25,5.995,166.81
3652,121.855,18,6.074,164.64
3653,121.888,21,3.602,277.64
3654,121.922,22,7.407,135.0
3655,121.955,18,6.472,154.51
3656,121.989,20,7.265,137.64
3657,122.022,21,6.083,164.39
3658,122.055,19,5.438,183.89
3659,122.089,26,6.564,152.35
3660,122.122,25,10.873,91.97
3661,122.155,17,2.968,336.95
3662,122.189,20,5.244,190.71
3663,122.222,15,5.835,171.37
3664,122.255,20,6.843,146.13
3665,122.289,24,5.996,166.76
3666,122.322,20,6.001,166.65
3667,122.356,27,3.73,268.09
3668,122.389,27,12.114,82.55
3669,122.422,29,5.541,180.46
3670,122.456,27,6.825,146.52
3671,122.489,23,6.474,154.47
3672,122.522,24,7.065,141.54
3673,122.556,26,7.488,133.55
3674,122.589,28,6.0,166.66
3675,122.623,20,6.783,147.42
3676,122.656,21,6.161,162.32
3677,122.689,19,4.893,204.36
3678,122.723,19,6.949,143.91
3679,122.756,20,2.017,495.9
3680,122.789,18,7.525,132.89
3681,122.823,15,4.922,203.17
3682,122.856,18,6.096,164.03
3683,122.889,16,6.661,150.13
3684,122.923,19,7.33,136.42
3685,122.956,17,9.296,107.57
3686,122.99,15,5.657,176.78
3687,123.023,16,6.562,152.4
3688,123.056,17,5.0,200.0
3689,123.09,16,6.0,166.67
3690,123.123,19,6.0,166.66
3691,123.156,14,2.348,425.86
3692,123.19,17,13.917,71.85
3693,123.223,19,6.26,159.75
3694,123.256,14,5.47,182.81
3695,123.29,16,6.001,166.65
3696,123.323,17,2.951,338.82
3697,123.357,18,12.731,78.55
3698,123.39,15,6.059,165.05
3699,123.423,16,7.915,126.33
3700,123.457,16,7.456,134.12
3701,123.49,17,5.697,175.54
3702,123.523,18,5.567,179.62
3703,123.557,16,5.63,177.63
3704,123.59,15,5.577,179.3
3705,123.624,16,6.75,148.16
3706,123.657,18,5.687,175.85
3707,123.69,19,6.005,166.53
3708,123.724,20,6.001,166.64
3709,123.757,16,6.052,165.23
3710,123.79,15,6.253,159.91
3711,123.824,16,6.441,155.25
3712,123.857,14,6.802,147.01
3713,123.89,17,6.004,166.56
3714,123.924,22,6.081,164.46
3715,123.957,18,6.546,152.75
3716,123.991,16,11.156,89.64
3717,124.024,15,6.319,158.25
3718,124.057,19,6.007,166.47
3719,124.091,17,6.008,166.45
3720,124.124,20,6.264,159.64
3721,124.157,18,6.447,155.11
3722,124.191,18,6.885,145.25
3723,124.224,21,5.91,169.2
3724,124.257,15,6.001,166.63
3725,124.291,18,6.239,160.29
3726,124.324,19,6.43,155.52
3727,124.358,19,7.007,142.71
3728,124.391,17,6.244,160.16
3729,124.424,16,5.001,199.98
3730,124.458,13,5.0,200.01
3731,124.491,15,5.625,177.79
3732,124.524,15,2.021,494.9
3733,124.558,14,7.381,135.48
3734,124.591,16,6.721,148.79
3735,124.624,16,7.0,142.85
3736,124.658,16,0.0,0
3737,124.691,15,19.817,50.46
3738,124.725,19,7.312,136.77
3739,124.758,18,7.323,136.56
3740,124.791,15,2.017,495.84
3741,124.825,20,7.735,129.28
3742,124.858,21,6.943,144.03
3743,124.891,18,9.304,107.48
3744,124.925,19,14.237,70.24
3745,124.958,17,8.999,111.12
3746,124.992,17,8.999,111.12
3747,125.025,18,9.998,100.02
3748,125.058,14,9.209,108.58
3749,125.092,13,5.607,178.34
3750,125.125,11,9.0,111.11
3751,125.158,14,9.008,111.01
3752,125.192,16,5.003,199.89
3753,125.225,16,16.14,61.96
3754,125.258,17,11.175,89.49
3755,125.292,19,0.0,0
3756,125.325,12,4.998,200.06
3757,125.359,14,14.935,66.96
3758,125.392,12,11.293,88.55
3759,125.425,11,6.022,166.05
3760,125.459,12,5.26,190.12
3761,125.492,14,14.815,67.5
3762,125.525,11,6.0,166.68
3763,125.559,13,7.338,136.28
3764,125.592,12,7.631,131.04
3765,125.626,7,8.229,121.52
3766,125.659,10,7.498,133.37
3767,125.692,10,10.702,93.44
3768,125.726,9,6.376,156.84
3769,125.759,12,5.903,169.4
3770,125.792,10,6.3,158.72
3771,125.826,9,6.121,163.38
3772,125.859,12,6.834,146.34
3773,125.892,12,5.0,199.99
3774,125.926,12,4.833,206.92
3775,125.959,13,7.21,138.71
3776,125.993,12,5.658,176.74
3777,126.026,12,6.008,166.44
3778,126.059,12,5.99,166.94
3779,126.093,12,6.007,166.47
3780,126.126,14,5.9,169.5
3781,126.159,13,6.345,157.6
3782,126.193,11,5.004,199.83
3783,126.226,13,6.032,165.79
3784,126.259,12,5.0,200.01
3785,126.293,11,6.999,142.87
3786,126.326,11,5.007,199.72
3787,126.36,12,6.011,166.35
3788,126.393,13,10.365,96.48
3789,126.426,13,4.997,200.13
3790,126.46,17,7.825,127.79
3791,126.493,14,5.753,173.83
3792,126.526,11,6.854,145.91
3793,126.56,14,6.046,165.41
3794,126.593,12,7.363,135.81
